source_pdf,page_number,label,output_pdf,output_txt,chars
1-Assembly Drawings.pdf,1,1-BR1,1-Assembly Drawings/1-BR1.pdf,1-Assembly Drawings/1-BR1.txt,1208
1-Assembly Drawings.pdf,2,1-BR2,1-Assembly Drawings/1-BR2.pdf,1-Assembly Drawings/1-BR2.txt,1174
1-Assembly Drawings.pdf,3,1-BR3,1-Assembly Drawings/1-BR3.pdf,1-Assembly Drawings/1-BR3.txt,924
1-Assembly Drawings.pdf,4,1-BR4,1-Assembly Drawings/1-BR4.pdf,1-Assembly Drawings/1-BR4.txt,922
1-Assembly Drawings.pdf,5,1-BR5,1-Assembly Drawings/1-BR5.pdf,1-Assembly Drawings/1-BR5.txt,922
1-Assembly Drawings.pdf,6,1-BR6,1-Assembly Drawings/1-BR6.pdf,1-Assembly Drawings/1-BR6.txt,922
1-Assembly Drawings.pdf,7,1-BR7,1-Assembly Drawings/1-BR7.pdf,1-Assembly Drawings/1-BR7.txt,916
1-Assembly Drawings.pdf,8,1-BR8,1-Assembly Drawings/1-BR8.pdf,1-Assembly Drawings/1-BR8.txt,916
1-Assembly Drawings.pdf,9,1-BR9,1-Assembly Drawings/1-BR9.pdf,1-Assembly Drawings/1-BR9.txt,1192
1-Assembly Drawings.pdf,10,1-BR10,1-Assembly Drawings/1-BR10.pdf,1-Assembly Drawings/1-BR10.txt,1195
1-Assembly Drawings.pdf,11,1-BR11,1-Assembly Drawings/1-BR11.pdf,1-Assembly Drawings/1-BR11.txt,927
1-Assembly Drawings.pdf,12,1-BR12,1-Assembly Drawings/1-BR12.pdf,1-Assembly Drawings/1-BR12.txt,927
1-Assembly Drawings.pdf,13,1-C1,1-Assembly Drawings/1-C1.pdf,1-Assembly Drawings/1-C1.txt,2266
1-Assembly Drawings.pdf,14,1-C2,1-Assembly Drawings/1-C2.pdf,1-Assembly Drawings/1-C2.txt,1952
1-Assembly Drawings.pdf,15,1-C3,1-Assembly Drawings/1-C3.pdf,1-Assembly Drawings/1-C3.txt,2489
1-Assembly Drawings.pdf,16,1-C4,1-Assembly Drawings/1-C4.pdf,1-Assembly Drawings/1-C4.txt,2218
1-Assembly Drawings.pdf,17,1-C5,1-Assembly Drawings/1-C5.pdf,1-Assembly Drawings/1-C5.txt,2140
1-Assembly Drawings.pdf,18,1-C6,1-Assembly Drawings/1-C6.pdf,1-Assembly Drawings/1-C6.txt,2841
1-Assembly Drawings.pdf,19,1-C7,1-Assembly Drawings/1-C7.pdf,1-Assembly Drawings/1-C7.txt,2736
1-Assembly Drawings.pdf,20,1-C8,1-Assembly Drawings/1-C8.pdf,1-Assembly Drawings/1-C8.txt,2174
1-Assembly Drawings.pdf,21,1-C9,1-Assembly Drawings/1-C9.pdf,1-Assembly Drawings/1-C9.txt,2225
1-Assembly Drawings.pdf,22,1-C10,1-Assembly Drawings/1-C10.pdf,1-Assembly Drawings/1-C10.txt,2229
1-Assembly Drawings.pdf,23,1-C11,1-Assembly Drawings/1-C11.pdf,1-Assembly Drawings/1-C11.txt,2294
1-Assembly Drawings.pdf,24,1-C12,1-Assembly Drawings/1-C12.pdf,1-Assembly Drawings/1-C12.txt,2786
1-Assembly Drawings.pdf,25,1-C13,1-Assembly Drawings/1-C13.pdf,1-Assembly Drawings/1-C13.txt,2795
1-Assembly Drawings.pdf,26,1-C14,1-Assembly Drawings/1-C14.pdf,1-Assembly Drawings/1-C14.txt,2908
1-Assembly Drawings.pdf,27,1-C15,1-Assembly Drawings/1-C15.pdf,1-Assembly Drawings/1-C15.txt,2847
1-Assembly Drawings.pdf,28,1-C16,1-Assembly Drawings/1-C16.pdf,1-Assembly Drawings/1-C16.txt,2835
1-Assembly Drawings.pdf,29,1-C17,1-Assembly Drawings/1-C17.pdf,1-Assembly Drawings/1-C17.txt,2456
1-Assembly Drawings.pdf,30,1-C18,1-Assembly Drawings/1-C18.pdf,1-Assembly Drawings/1-C18.txt,1767
1-Assembly Drawings.pdf,31,1-C19,1-Assembly Drawings/1-C19.pdf,1-Assembly Drawings/1-C19.txt,1739
1-Assembly Drawings.pdf,32,1-C20,1-Assembly Drawings/1-C20.pdf,1-Assembly Drawings/1-C20.txt,2265
1-Assembly Drawings.pdf,33,1-C21,1-Assembly Drawings/1-C21.pdf,1-Assembly Drawings/1-C21.txt,2384
1-Assembly Drawings.pdf,34,1-C22,1-Assembly Drawings/1-C22.pdf,1-Assembly Drawings/1-C22.txt,1848
1-Assembly Drawings.pdf,35,1-C23,1-Assembly Drawings/1-C23.pdf,1-Assembly Drawings/1-C23.txt,1629
1-Assembly Drawings.pdf,36,1-C24,1-Assembly Drawings/1-C24.pdf,1-Assembly Drawings/1-C24.txt,1627
1-Assembly Drawings.pdf,37,1-C25,1-Assembly Drawings/1-C25.pdf,1-Assembly Drawings/1-C25.txt,1619
1-Assembly Drawings.pdf,38,1-C26,1-Assembly Drawings/1-C26.pdf,1-Assembly Drawings/1-C26.txt,1607
1-Assembly Drawings.pdf,39,1-C27,1-Assembly Drawings/1-C27.pdf,1-Assembly Drawings/1-C27.txt,1602
1-Assembly Drawings.pdf,40,1-C28,1-Assembly Drawings/1-C28.pdf,1-Assembly Drawings/1-C28.txt,1602
1-Assembly Drawings.pdf,41,1-C29,1-Assembly Drawings/1-C29.pdf,1-Assembly Drawings/1-C29.txt,1582
1-Assembly Drawings.pdf,42,1-C30,1-Assembly Drawings/1-C30.pdf,1-Assembly Drawings/1-C30.txt,1582
1-Assembly Drawings.pdf,43,1-C31,1-Assembly Drawings/1-C31.pdf,1-Assembly Drawings/1-C31.txt,1595
1-Assembly Drawings.pdf,44,1-C32,1-Assembly Drawings/1-C32.pdf,1-Assembly Drawings/1-C32.txt,1583
1-Assembly Drawings.pdf,45,1-C33,1-Assembly Drawings/1-C33.pdf,1-Assembly Drawings/1-C33.txt,1515
1-Assembly Drawings.pdf,46,1-C34,1-Assembly Drawings/1-C34.pdf,1-Assembly Drawings/1-C34.txt,1575
1-Assembly Drawings.pdf,47,1-C35,1-Assembly Drawings/1-C35.pdf,1-Assembly Drawings/1-C35.txt,2019
1-Assembly Drawings.pdf,48,1-C36,1-Assembly Drawings/1-C36.pdf,1-Assembly Drawings/1-C36.txt,1811
1-Assembly Drawings.pdf,49,1-C37,1-Assembly Drawings/1-C37.pdf,1-Assembly Drawings/1-C37.txt,1556
1-Assembly Drawings.pdf,50,1-C38,1-Assembly Drawings/1-C38.pdf,1-Assembly Drawings/1-C38.txt,1446
1-Assembly Drawings.pdf,51,1-C39,1-Assembly Drawings/1-C39.pdf,1-Assembly Drawings/1-C39.txt,1520
1-Assembly Drawings.pdf,52,1-C40,1-Assembly Drawings/1-C40.pdf,1-Assembly Drawings/1-C40.txt,2222
1-Assembly Drawings.pdf,53,1-C41,1-Assembly Drawings/1-C41.pdf,1-Assembly Drawings/1-C41.txt,2061
1-Assembly Drawings.pdf,54,1-FB1,1-Assembly Drawings/1-FB1.pdf,1-Assembly Drawings/1-FB1.txt,1046
1-Assembly Drawings.pdf,55,1-FB2,1-Assembly Drawings/1-FB2.pdf,1-Assembly Drawings/1-FB2.txt,1043
1-Assembly Drawings.pdf,56,1-FB3,1-Assembly Drawings/1-FB3.pdf,1-Assembly Drawings/1-FB3.txt,1053
1-Assembly Drawings.pdf,57,1-FB4,1-Assembly Drawings/1-FB4.pdf,1-Assembly Drawings/1-FB4.txt,1047
1-Assembly Drawings.pdf,58,1-FB5,1-Assembly Drawings/1-FB5.pdf,1-Assembly Drawings/1-FB5.txt,1045
1-Assembly Drawings.pdf,59,1-FB6,1-Assembly Drawings/1-FB6.pdf,1-Assembly Drawings/1-FB6.txt,1052
1-Assembly Drawings.pdf,60,1-FB7,1-Assembly Drawings/1-FB7.pdf,1-Assembly Drawings/1-FB7.txt,1045
1-Assembly Drawings.pdf,61,1-FB8,1-Assembly Drawings/1-FB8.pdf,1-Assembly Drawings/1-FB8.txt,1048
1-Assembly Drawings.pdf,62,1-FB9,1-Assembly Drawings/1-FB9.pdf,1-Assembly Drawings/1-FB9.txt,1048
1-Assembly Drawings.pdf,63,1-PU1,1-Assembly Drawings/1-PU1.pdf,1-Assembly Drawings/1-PU1.txt,1306
1-Assembly Drawings.pdf,64,1-PU2,1-Assembly Drawings/1-PU2.pdf,1-Assembly Drawings/1-PU2.txt,1308
1-Assembly Drawings.pdf,65,1-PU3,1-Assembly Drawings/1-PU3.pdf,1-Assembly Drawings/1-PU3.txt,1330
1-Assembly Drawings.pdf,66,1-PU4,1-Assembly Drawings/1-PU4.pdf,1-Assembly Drawings/1-PU4.txt,1337
1-Assembly Drawings.pdf,67,1-PU5,1-Assembly Drawings/1-PU5.pdf,1-Assembly Drawings/1-PU5.txt,1336
1-Assembly Drawings.pdf,68,1-PU6,1-Assembly Drawings/1-PU6.pdf,1-Assembly Drawings/1-PU6.txt,1337
1-Assembly Drawings.pdf,69,1-PU7,1-Assembly Drawings/1-PU7.pdf,1-Assembly Drawings/1-PU7.txt,1337
1-Assembly Drawings.pdf,70,1-PU8,1-Assembly Drawings/1-PU8.pdf,1-Assembly Drawings/1-PU8.txt,1335
1-Assembly Drawings.pdf,71,1-PU9,1-Assembly Drawings/1-PU9.pdf,1-Assembly Drawings/1-PU9.txt,1337
1-Assembly Drawings.pdf,72,1-PU10,1-Assembly Drawings/1-PU10.pdf,1-Assembly Drawings/1-PU10.txt,1360
1-Assembly Drawings.pdf,73,1-PU11,1-Assembly Drawings/1-PU11.pdf,1-Assembly Drawings/1-PU11.txt,1358
1-Assembly Drawings.pdf,74,1-PU12,1-Assembly Drawings/1-PU12.pdf,1-Assembly Drawings/1-PU12.txt,1362
1-Assembly Drawings.pdf,75,1-PU13,1-Assembly Drawings/1-PU13.pdf,1-Assembly Drawings/1-PU13.txt,1360
1-Assembly Drawings.pdf,76,1-PU14,1-Assembly Drawings/1-PU14.pdf,1-Assembly Drawings/1-PU14.txt,1358
1-Assembly Drawings.pdf,77,1-PU15,1-Assembly Drawings/1-PU15.pdf,1-Assembly Drawings/1-PU15.txt,1358
1-Assembly Drawings.pdf,78,1-PU16,1-Assembly Drawings/1-PU16.pdf,1-Assembly Drawings/1-PU16.txt,1248
1-Assembly Drawings.pdf,79,1-PU17,1-Assembly Drawings/1-PU17.pdf,1-Assembly Drawings/1-PU17.txt,1222
1-Assembly Drawings.pdf,80,1-PU18,1-Assembly Drawings/1-PU18.pdf,1-Assembly Drawings/1-PU18.txt,1221
1-Assembly Drawings.pdf,81,1-PU19,1-Assembly Drawings/1-PU19.pdf,1-Assembly Drawings/1-PU19.txt,1343
1-Assembly Drawings.pdf,82,1-PU20,1-Assembly Drawings/1-PU20.pdf,1-Assembly Drawings/1-PU20.txt,1248
1-Assembly Drawings.pdf,83,1-PU21,1-Assembly Drawings/1-PU21.pdf,1-Assembly Drawings/1-PU21.txt,1206
1-Assembly Drawings.pdf,84,1-PU22,1-Assembly Drawings/1-PU22.pdf,1-Assembly Drawings/1-PU22.txt,1111
1-Assembly Drawings.pdf,85,1-PU23,1-Assembly Drawings/1-PU23.pdf,1-Assembly Drawings/1-PU23.txt,1110
1-Assembly Drawings.pdf,86,1-PU24,1-Assembly Drawings/1-PU24.pdf,1-Assembly Drawings/1-PU24.txt,1204
1-Assembly Drawings.pdf,87,1-PU25,1-Assembly Drawings/1-PU25.pdf,1-Assembly Drawings/1-PU25.txt,1203
1-Assembly Drawings.pdf,88,1-PU26,1-Assembly Drawings/1-PU26.pdf,1-Assembly Drawings/1-PU26.txt,1114
1-Assembly Drawings.pdf,89,1-PU27,1-Assembly Drawings/1-PU27.pdf,1-Assembly Drawings/1-PU27.txt,1112
1-Assembly Drawings.pdf,90,1-PU28,1-Assembly Drawings/1-PU28.pdf,1-Assembly Drawings/1-PU28.txt,1203
1-Assembly Drawings.pdf,91,1-PU29,1-Assembly Drawings/1-PU29.pdf,1-Assembly Drawings/1-PU29.txt,1095
1-Assembly Drawings.pdf,92,1-PU30,1-Assembly Drawings/1-PU30.pdf,1-Assembly Drawings/1-PU30.txt,1002
1-Assembly Drawings.pdf,93,1-PU31,1-Assembly Drawings/1-PU31.pdf,1-Assembly Drawings/1-PU31.txt,1358
1-Assembly Drawings.pdf,94,1-PU32,1-Assembly Drawings/1-PU32.pdf,1-Assembly Drawings/1-PU32.txt,1359
1-Assembly Drawings.pdf,95,1-PU33,1-Assembly Drawings/1-PU33.pdf,1-Assembly Drawings/1-PU33.txt,1361
1-Assembly Drawings.pdf,96,1-PU34,1-Assembly Drawings/1-PU34.pdf,1-Assembly Drawings/1-PU34.txt,1360
1-Assembly Drawings.pdf,97,1-PU35,1-Assembly Drawings/1-PU35.pdf,1-Assembly Drawings/1-PU35.txt,1360
1-Assembly Drawings.pdf,98,1-PU36,1-Assembly Drawings/1-PU36.pdf,1-Assembly Drawings/1-PU36.txt,1361
1-Assembly Drawings.pdf,99,1-R1,1-Assembly Drawings/1-R1.pdf,1-Assembly Drawings/1-R1.txt,2870
1-Assembly Drawings.pdf,100,1-R2,1-Assembly Drawings/1-R2.pdf,1-Assembly Drawings/1-R2.txt,2869
1-Assembly Drawings.pdf,101,1-R3,1-Assembly Drawings/1-R3.pdf,1-Assembly Drawings/1-R3.txt,2909
1-Assembly Drawings.pdf,102,1-R4,1-Assembly Drawings/1-R4.pdf,1-Assembly Drawings/1-R4.txt,3195
1-Assembly Drawings.pdf,103,1-R5,1-Assembly Drawings/1-R5.pdf,1-Assembly Drawings/1-R5.txt,3172
1-Assembly Drawings.pdf,104,1-R6,1-Assembly Drawings/1-R6.pdf,1-Assembly Drawings/1-R6.txt,3137
1-Assembly Drawings.pdf,105,1-R7,1-Assembly Drawings/1-R7.pdf,1-Assembly Drawings/1-R7.txt,2153
1-Assembly Drawings.pdf,106,1-R8,1-Assembly Drawings/1-R8.pdf,1-Assembly Drawings/1-R8.txt,2161
1-Assembly Drawings.pdf,107,1-R9,1-Assembly Drawings/1-R9.pdf,1-Assembly Drawings/1-R9.txt,2306
1-Assembly Drawings.pdf,108,1-R10,1-Assembly Drawings/1-R10.pdf,1-Assembly Drawings/1-R10.txt,2279
1-Assembly Drawings.pdf,109,1-SA1,1-Assembly Drawings/1-SA1.pdf,1-Assembly Drawings/1-SA1.txt,920
1-Assembly Drawings.pdf,110,1-SA2,1-Assembly Drawings/1-SA2.pdf,1-Assembly Drawings/1-SA2.txt,918
1-Assembly Drawings.pdf,111,1-SA3,1-Assembly Drawings/1-SA3.pdf,1-Assembly Drawings/1-SA3.txt,918
1-Assembly Drawings.pdf,112,1-SA4,1-Assembly Drawings/1-SA4.pdf,1-Assembly Drawings/1-SA4.txt,918
1-Assembly Drawings.pdf,113,1-SA5,1-Assembly Drawings/1-SA5.pdf,1-Assembly Drawings/1-SA5.txt,915
1-Assembly Drawings.pdf,114,1-SA6,1-Assembly Drawings/1-SA6.pdf,1-Assembly Drawings/1-SA6.txt,918
1-Assembly Drawings.pdf,115,1-SA7,1-Assembly Drawings/1-SA7.pdf,1-Assembly Drawings/1-SA7.txt,906
1-Assembly Drawings.pdf,116,1-SA8,1-Assembly Drawings/1-SA8.pdf,1-Assembly Drawings/1-SA8.txt,913
1-Assembly Drawings.pdf,117,1-SA9,1-Assembly Drawings/1-SA9.pdf,1-Assembly Drawings/1-SA9.txt,916
1-Assembly Drawings.pdf,118,1-SA10,1-Assembly Drawings/1-SA10.pdf,1-Assembly Drawings/1-SA10.txt,921
1-Assembly Drawings.pdf,119,1-SA11,1-Assembly Drawings/1-SA11.pdf,1-Assembly Drawings/1-SA11.txt,918
1-Assembly Drawings.pdf,120,1-SA12,1-Assembly Drawings/1-SA12.pdf,1-Assembly Drawings/1-SA12.txt,911
1-Assembly Drawings.pdf,121,1-SA13,1-Assembly Drawings/1-SA13.pdf,1-Assembly Drawings/1-SA13.txt,921
1-Assembly Drawings.pdf,122,1-SA14,1-Assembly Drawings/1-SA14.pdf,1-Assembly Drawings/1-SA14.txt,918
1-Assembly Drawings.pdf,123,1-SA15,1-Assembly Drawings/1-SA15.pdf,1-Assembly Drawings/1-SA15.txt,921
1-Assembly Drawings.pdf,124,1-SA16,1-Assembly Drawings/1-SA16.pdf,1-Assembly Drawings/1-SA16.txt,921
1-Assembly Drawings.pdf,125,2-BR1,1-Assembly Drawings/2-BR1.pdf,1-Assembly Drawings/2-BR1.txt,1211
1-Assembly Drawings.pdf,126,2-BR2,1-Assembly Drawings/2-BR2.pdf,1-Assembly Drawings/2-BR2.txt,1209
1-Assembly Drawings.pdf,127,2-BR3,1-Assembly Drawings/2-BR3.pdf,1-Assembly Drawings/2-BR3.txt,1209
1-Assembly Drawings.pdf,128,2-BR4,1-Assembly Drawings/2-BR4.pdf,1-Assembly Drawings/2-BR4.txt,924
1-Assembly Drawings.pdf,129,2-BR5,1-Assembly Drawings/2-BR5.pdf,1-Assembly Drawings/2-BR5.txt,922
1-Assembly Drawings.pdf,130,2-BR6,1-Assembly Drawings/2-BR6.pdf,1-Assembly Drawings/2-BR6.txt,925
1-Assembly Drawings.pdf,131,2-BR7,1-Assembly Drawings/2-BR7.pdf,1-Assembly Drawings/2-BR7.txt,922
1-Assembly Drawings.pdf,132,2-BR8,1-Assembly Drawings/2-BR8.pdf,1-Assembly Drawings/2-BR8.txt,922
1-Assembly Drawings.pdf,133,2-BR9,1-Assembly Drawings/2-BR9.pdf,1-Assembly Drawings/2-BR9.txt,922
1-Assembly Drawings.pdf,134,2-BR10,1-Assembly Drawings/2-BR10.pdf,1-Assembly Drawings/2-BR10.txt,930
1-Assembly Drawings.pdf,135,2-BR11,1-Assembly Drawings/2-BR11.pdf,1-Assembly Drawings/2-BR11.txt,927
1-Assembly Drawings.pdf,136,2-BR12,1-Assembly Drawings/2-BR12.pdf,1-Assembly Drawings/2-BR12.txt,930
1-Assembly Drawings.pdf,137,2-BR13,1-Assembly Drawings/2-BR13.pdf,1-Assembly Drawings/2-BR13.txt,927
1-Assembly Drawings.pdf,138,2-BR14,1-Assembly Drawings/2-BR14.pdf,1-Assembly Drawings/2-BR14.txt,927
1-Assembly Drawings.pdf,139,2-BR15,1-Assembly Drawings/2-BR15.pdf,1-Assembly Drawings/2-BR15.txt,927
1-Assembly Drawings.pdf,140,2-BR16,1-Assembly Drawings/2-BR16.pdf,1-Assembly Drawings/2-BR16.txt,930
1-Assembly Drawings.pdf,141,2-BR17,1-Assembly Drawings/2-BR17.pdf,1-Assembly Drawings/2-BR17.txt,927
1-Assembly Drawings.pdf,142,2-BR18,1-Assembly Drawings/2-BR18.pdf,1-Assembly Drawings/2-BR18.txt,927
1-Assembly Drawings.pdf,143,2-BR19,1-Assembly Drawings/2-BR19.pdf,1-Assembly Drawings/2-BR19.txt,927
1-Assembly Drawings.pdf,144,2-BR20,1-Assembly Drawings/2-BR20.pdf,1-Assembly Drawings/2-BR20.txt,927
1-Assembly Drawings.pdf,145,2-BR21,1-Assembly Drawings/2-BR21.pdf,1-Assembly Drawings/2-BR21.txt,927
1-Assembly Drawings.pdf,146,2-BR22,1-Assembly Drawings/2-BR22.pdf,1-Assembly Drawings/2-BR22.txt,919
1-Assembly Drawings.pdf,147,2-BR23,1-Assembly Drawings/2-BR23.pdf,1-Assembly Drawings/2-BR23.txt,927
1-Assembly Drawings.pdf,148,2-BR24,1-Assembly Drawings/2-BR24.pdf,1-Assembly Drawings/2-BR24.txt,927
1-Assembly Drawings.pdf,149,2-BR25,1-Assembly Drawings/2-BR25.pdf,1-Assembly Drawings/2-BR25.txt,929
1-Assembly Drawings.pdf,150,2-BR26,1-Assembly Drawings/2-BR26.pdf,1-Assembly Drawings/2-BR26.txt,929
1-Assembly Drawings.pdf,151,2-BR27,1-Assembly Drawings/2-BR27.pdf,1-Assembly Drawings/2-BR27.txt,930
1-Assembly Drawings.pdf,152,2-BR28,1-Assembly Drawings/2-BR28.pdf,1-Assembly Drawings/2-BR28.txt,921
1-Assembly Drawings.pdf,153,2-BR29,1-Assembly Drawings/2-BR29.pdf,1-Assembly Drawings/2-BR29.txt,930
1-Assembly Drawings.pdf,154,2-BR30,1-Assembly Drawings/2-BR30.pdf,1-Assembly Drawings/2-BR30.txt,921
1-Assembly Drawings.pdf,155,2-BR31,1-Assembly Drawings/2-BR31.pdf,1-Assembly Drawings/2-BR31.txt,921
1-Assembly Drawings.pdf,156,2-BR32,1-Assembly Drawings/2-BR32.pdf,1-Assembly Drawings/2-BR32.txt,921
1-Assembly Drawings.pdf,157,2-BR33,1-Assembly Drawings/2-BR33.pdf,1-Assembly Drawings/2-BR33.txt,930
1-Assembly Drawings.pdf,158,2-BR34,1-Assembly Drawings/2-BR34.pdf,1-Assembly Drawings/2-BR34.txt,921
1-Assembly Drawings.pdf,159,2-BR35,1-Assembly Drawings/2-BR35.pdf,1-Assembly Drawings/2-BR35.txt,927
1-Assembly Drawings.pdf,160,2-BR36,1-Assembly Drawings/2-BR36.pdf,1-Assembly Drawings/2-BR36.txt,927
1-Assembly Drawings.pdf,161,2-BR37,1-Assembly Drawings/2-BR37.pdf,1-Assembly Drawings/2-BR37.txt,930
1-Assembly Drawings.pdf,162,2-BR38,1-Assembly Drawings/2-BR38.pdf,1-Assembly Drawings/2-BR38.txt,927
1-Assembly Drawings.pdf,163,2-BR39,1-Assembly Drawings/2-BR39.pdf,1-Assembly Drawings/2-BR39.txt,932
1-Assembly Drawings.pdf,164,2-C1,1-Assembly Drawings/2-C1.pdf,1-Assembly Drawings/2-C1.txt,1833
1-Assembly Drawings.pdf,165,2-C2,1-Assembly Drawings/2-C2.pdf,1-Assembly Drawings/2-C2.txt,2114
1-Assembly Drawings.pdf,166,2-C3,1-Assembly Drawings/2-C3.pdf,1-Assembly Drawings/2-C3.txt,2100
1-Assembly Drawings.pdf,167,2-C4,1-Assembly Drawings/2-C4.pdf,1-Assembly Drawings/2-C4.txt,2119
1-Assembly Drawings.pdf,168,2-C5,1-Assembly Drawings/2-C5.pdf,1-Assembly Drawings/2-C5.txt,2004
1-Assembly Drawings.pdf,169,2-C6,1-Assembly Drawings/2-C6.pdf,1-Assembly Drawings/2-C6.txt,3011
1-Assembly Drawings.pdf,170,2-C7,1-Assembly Drawings/2-C7.pdf,1-Assembly Drawings/2-C7.txt,2391
1-Assembly Drawings.pdf,171,2-C8,1-Assembly Drawings/2-C8.pdf,1-Assembly Drawings/2-C8.txt,2339
1-Assembly Drawings.pdf,172,2-C9,1-Assembly Drawings/2-C9.pdf,1-Assembly Drawings/2-C9.txt,2610
1-Assembly Drawings.pdf,173,2-C10,1-Assembly Drawings/2-C10.pdf,1-Assembly Drawings/2-C10.txt,2632
1-Assembly Drawings.pdf,174,2-C11,1-Assembly Drawings/2-C11.pdf,1-Assembly Drawings/2-C11.txt,3106
1-Assembly Drawings.pdf,175,2-C12,1-Assembly Drawings/2-C12.pdf,1-Assembly Drawings/2-C12.txt,2989
1-Assembly Drawings.pdf,176,2-C13,1-Assembly Drawings/2-C13.pdf,1-Assembly Drawings/2-C13.txt,1741
1-Assembly Drawings.pdf,177,2-C14,1-Assembly Drawings/2-C14.pdf,1-Assembly Drawings/2-C14.txt,1994
1-Assembly Drawings.pdf,178,2-C15,1-Assembly Drawings/2-C15.pdf,1-Assembly Drawings/2-C15.txt,1989
1-Assembly Drawings.pdf,179,2-C16,1-Assembly Drawings/2-C16.pdf,1-Assembly Drawings/2-C16.txt,1566
1-Assembly Drawings.pdf,180,2-C17,1-Assembly Drawings/2-C17.pdf,1-Assembly Drawings/2-C17.txt,1412
1-Assembly Drawings.pdf,181,2-C18,1-Assembly Drawings/2-C18.pdf,1-Assembly Drawings/2-C18.txt,1821
1-Assembly Drawings.pdf,182,2-C19,1-Assembly Drawings/2-C19.pdf,1-Assembly Drawings/2-C19.txt,1824
1-Assembly Drawings.pdf,183,2-C20,1-Assembly Drawings/2-C20.pdf,1-Assembly Drawings/2-C20.txt,2081
1-Assembly Drawings.pdf,184,2-C21,1-Assembly Drawings/2-C21.pdf,1-Assembly Drawings/2-C21.txt,2452
1-Assembly Drawings.pdf,185,2-C22,1-Assembly Drawings/2-C22.pdf,1-Assembly Drawings/2-C22.txt,2362
1-Assembly Drawings.pdf,186,2-C23,1-Assembly Drawings/2-C23.pdf,1-Assembly Drawings/2-C23.txt,2248
1-Assembly Drawings.pdf,187,2-C24,1-Assembly Drawings/2-C24.pdf,1-Assembly Drawings/2-C24.txt,2425
1-Assembly Drawings.pdf,188,2-C25,1-Assembly Drawings/2-C25.pdf,1-Assembly Drawings/2-C25.txt,2499
1-Assembly Drawings.pdf,189,2-C26,1-Assembly Drawings/2-C26.pdf,1-Assembly Drawings/2-C26.txt,2533
1-Assembly Drawings.pdf,190,2-C27,1-Assembly Drawings/2-C27.pdf,1-Assembly Drawings/2-C27.txt,2590
1-Assembly Drawings.pdf,191,2-C28,1-Assembly Drawings/2-C28.pdf,1-Assembly Drawings/2-C28.txt,2745
1-Assembly Drawings.pdf,192,2-C29,1-Assembly Drawings/2-C29.pdf,1-Assembly Drawings/2-C29.txt,2015
1-Assembly Drawings.pdf,193,2-C30,1-Assembly Drawings/2-C30.pdf,1-Assembly Drawings/2-C30.txt,2753
1-Assembly Drawings.pdf,194,2-C31,1-Assembly Drawings/2-C31.pdf,1-Assembly Drawings/2-C31.txt,2872
1-Assembly Drawings.pdf,195,2-C32,1-Assembly Drawings/2-C32.pdf,1-Assembly Drawings/2-C32.txt,2949
1-Assembly Drawings.pdf,196,2-C33,1-Assembly Drawings/2-C33.pdf,1-Assembly Drawings/2-C33.txt,2879
1-Assembly Drawings.pdf,197,2-C34,1-Assembly Drawings/2-C34.pdf,1-Assembly Drawings/2-C34.txt,2689
1-Assembly Drawings.pdf,198,2-C35,1-Assembly Drawings/2-C35.pdf,1-Assembly Drawings/2-C35.txt,2452
1-Assembly Drawings.pdf,199,2-C36,1-Assembly Drawings/2-C36.pdf,1-Assembly Drawings/2-C36.txt,1575
1-Assembly Drawings.pdf,200,2-C37,1-Assembly Drawings/2-C37.pdf,1-Assembly Drawings/2-C37.txt,1580
1-Assembly Drawings.pdf,201,2-C38,1-Assembly Drawings/2-C38.pdf,1-Assembly Drawings/2-C38.txt,1607
1-Assembly Drawings.pdf,202,2-C39,1-Assembly Drawings/2-C39.pdf,1-Assembly Drawings/2-C39.txt,2425
1-Assembly Drawings.pdf,203,2-C40,1-Assembly Drawings/2-C40.pdf,1-Assembly Drawings/2-C40.txt,1566
1-Assembly Drawings.pdf,204,2-C41,1-Assembly Drawings/2-C41.pdf,1-Assembly Drawings/2-C41.txt,1834
1-Assembly Drawings.pdf,205,2-C42,1-Assembly Drawings/2-C42.pdf,1-Assembly Drawings/2-C42.txt,1676
1-Assembly Drawings.pdf,206,2-C43,1-Assembly Drawings/2-C43.pdf,1-Assembly Drawings/2-C43.txt,1808
1-Assembly Drawings.pdf,207,2-C44,1-Assembly Drawings/2-C44.pdf,1-Assembly Drawings/2-C44.txt,1650
1-Assembly Drawings.pdf,208,2-C45,1-Assembly Drawings/2-C45.pdf,1-Assembly Drawings/2-C45.txt,1980
1-Assembly Drawings.pdf,209,2-C46,1-Assembly Drawings/2-C46.pdf,1-Assembly Drawings/2-C46.txt,1730
1-Assembly Drawings.pdf,210,2-C47,1-Assembly Drawings/2-C47.pdf,1-Assembly Drawings/2-C47.txt,1739
1-Assembly Drawings.pdf,211,2-C48,1-Assembly Drawings/2-C48.pdf,1-Assembly Drawings/2-C48.txt,2004
1-Assembly Drawings.pdf,212,2-C49,1-Assembly Drawings/2-C49.pdf,1-Assembly Drawings/2-C49.txt,1864
1-Assembly Drawings.pdf,213,2-C50,1-Assembly Drawings/2-C50.pdf,1-Assembly Drawings/2-C50.txt,1987
1-Assembly Drawings.pdf,214,2-C51,1-Assembly Drawings/2-C51.pdf,1-Assembly Drawings/2-C51.txt,1761
1-Assembly Drawings.pdf,215,2-FB1,1-Assembly Drawings/2-FB1.pdf,1-Assembly Drawings/2-FB1.txt,1047
1-Assembly Drawings.pdf,216,2-FB2,1-Assembly Drawings/2-FB2.pdf,1-Assembly Drawings/2-FB2.txt,1045
1-Assembly Drawings.pdf,217,2-FB3,1-Assembly Drawings/2-FB3.pdf,1-Assembly Drawings/2-FB3.txt,1048
1-Assembly Drawings.pdf,218,2-FB4,1-Assembly Drawings/2-FB4.pdf,1-Assembly Drawings/2-FB4.txt,1043
1-Assembly Drawings.pdf,219,2-FB5,1-Assembly Drawings/2-FB5.pdf,1-Assembly Drawings/2-FB5.txt,1043
1-Assembly Drawings.pdf,220,2-FB6,1-Assembly Drawings/2-FB6.pdf,1-Assembly Drawings/2-FB6.txt,1043
1-Assembly Drawings.pdf,221,2-FB7,1-Assembly Drawings/2-FB7.pdf,1-Assembly Drawings/2-FB7.txt,1046
1-Assembly Drawings.pdf,222,2-FB8,1-Assembly Drawings/2-FB8.pdf,1-Assembly Drawings/2-FB8.txt,1043
1-Assembly Drawings.pdf,223,2-FB9,1-Assembly Drawings/2-FB9.pdf,1-Assembly Drawings/2-FB9.txt,1046
1-Assembly Drawings.pdf,224,2-FB10,1-Assembly Drawings/2-FB10.pdf,1-Assembly Drawings/2-FB10.txt,1051
1-Assembly Drawings.pdf,225,2-FB11,1-Assembly Drawings/2-FB11.pdf,1-Assembly Drawings/2-FB11.txt,1052
1-Assembly Drawings.pdf,226,2-FB12,1-Assembly Drawings/2-FB12.pdf,1-Assembly Drawings/2-FB12.txt,1050
1-Assembly Drawings.pdf,227,2-FB13,1-Assembly Drawings/2-FB13.pdf,1-Assembly Drawings/2-FB13.txt,1057
1-Assembly Drawings.pdf,228,2-FB14,1-Assembly Drawings/2-FB14.pdf,1-Assembly Drawings/2-FB14.txt,1048
1-Assembly Drawings.pdf,229,2-FB15,1-Assembly Drawings/2-FB15.pdf,1-Assembly Drawings/2-FB15.txt,1048
1-Assembly Drawings.pdf,230,2-FB16,1-Assembly Drawings/2-FB16.pdf,1-Assembly Drawings/2-FB16.txt,1048
1-Assembly Drawings.pdf,231,2-FB17,1-Assembly Drawings/2-FB17.pdf,1-Assembly Drawings/2-FB17.txt,1048
1-Assembly Drawings.pdf,232,2-FB18,1-Assembly Drawings/2-FB18.pdf,1-Assembly Drawings/2-FB18.txt,1051
1-Assembly Drawings.pdf,233,2-FB19,1-Assembly Drawings/2-FB19.pdf,1-Assembly Drawings/2-FB19.txt,1048
1-Assembly Drawings.pdf,234,2-FB20,1-Assembly Drawings/2-FB20.pdf,1-Assembly Drawings/2-FB20.txt,1051
1-Assembly Drawings.pdf,235,2-FB21,1-Assembly Drawings/2-FB21.pdf,1-Assembly Drawings/2-FB21.txt,1050
1-Assembly Drawings.pdf,236,2-FB22,1-Assembly Drawings/2-FB22.pdf,1-Assembly Drawings/2-FB22.txt,1052
1-Assembly Drawings.pdf,237,2-FB23,1-Assembly Drawings/2-FB23.pdf,1-Assembly Drawings/2-FB23.txt,1048
1-Assembly Drawings.pdf,238,2-FB24,1-Assembly Drawings/2-FB24.pdf,1-Assembly Drawings/2-FB24.txt,1053
1-Assembly Drawings.pdf,239,2-FB25,1-Assembly Drawings/2-FB25.pdf,1-Assembly Drawings/2-FB25.txt,1053
1-Assembly Drawings.pdf,240,2-FB26,1-Assembly Drawings/2-FB26.pdf,1-Assembly Drawings/2-FB26.txt,1051
1-Assembly Drawings.pdf,241,2-FB27,1-Assembly Drawings/2-FB27.pdf,1-Assembly Drawings/2-FB27.txt,1048
1-Assembly Drawings.pdf,242,2-FB28,1-Assembly Drawings/2-FB28.pdf,1-Assembly Drawings/2-FB28.txt,1051
1-Assembly Drawings.pdf,243,2-FB29,1-Assembly Drawings/2-FB29.pdf,1-Assembly Drawings/2-FB29.txt,1048
1-Assembly Drawings.pdf,244,2-FB30,1-Assembly Drawings/2-FB30.pdf,1-Assembly Drawings/2-FB30.txt,1051
1-Assembly Drawings.pdf,245,2-FB31,1-Assembly Drawings/2-FB31.pdf,1-Assembly Drawings/2-FB31.txt,1053
1-Assembly Drawings.pdf,246,2-FB32,1-Assembly Drawings/2-FB32.pdf,1-Assembly Drawings/2-FB32.txt,1050
1-Assembly Drawings.pdf,247,2-FB33,1-Assembly Drawings/2-FB33.pdf,1-Assembly Drawings/2-FB33.txt,1050
1-Assembly Drawings.pdf,248,2-FB34,1-Assembly Drawings/2-FB34.pdf,1-Assembly Drawings/2-FB34.txt,1053
1-Assembly Drawings.pdf,249,2-PU1,1-Assembly Drawings/2-PU1.pdf,1-Assembly Drawings/2-PU1.txt,1330
1-Assembly Drawings.pdf,250,2-PU2,1-Assembly Drawings/2-PU2.pdf,1-Assembly Drawings/2-PU2.txt,1328
1-Assembly Drawings.pdf,251,2-PU3,1-Assembly Drawings/2-PU3.pdf,1-Assembly Drawings/2-PU3.txt,1328
1-Assembly Drawings.pdf,252,2-PU4,1-Assembly Drawings/2-PU4.pdf,1-Assembly Drawings/2-PU4.txt,1337
1-Assembly Drawings.pdf,253,2-PU5,1-Assembly Drawings/2-PU5.pdf,1-Assembly Drawings/2-PU5.txt,1337
1-Assembly Drawings.pdf,254,2-PU6,1-Assembly Drawings/2-PU6.pdf,1-Assembly Drawings/2-PU6.txt,1348
1-Assembly Drawings.pdf,255,2-PU7,1-Assembly Drawings/2-PU7.pdf,1-Assembly Drawings/2-PU7.txt,1355
1-Assembly Drawings.pdf,256,2-PU8,1-Assembly Drawings/2-PU8.pdf,1-Assembly Drawings/2-PU8.txt,1357
1-Assembly Drawings.pdf,257,2-PU9,1-Assembly Drawings/2-PU9.pdf,1-Assembly Drawings/2-PU9.txt,1353
1-Assembly Drawings.pdf,258,2-PU10,1-Assembly Drawings/2-PU10.pdf,1-Assembly Drawings/2-PU10.txt,1268
1-Assembly Drawings.pdf,259,2-PU11,1-Assembly Drawings/2-PU11.pdf,1-Assembly Drawings/2-PU11.txt,1360
1-Assembly Drawings.pdf,260,2-PU12,1-Assembly Drawings/2-PU12.pdf,1-Assembly Drawings/2-PU12.txt,1361
1-Assembly Drawings.pdf,261,2-PU13,1-Assembly Drawings/2-PU13.pdf,1-Assembly Drawings/2-PU13.txt,1362
1-Assembly Drawings.pdf,262,2-PU14,1-Assembly Drawings/2-PU14.pdf,1-Assembly Drawings/2-PU14.txt,1360
1-Assembly Drawings.pdf,263,2-PU15,1-Assembly Drawings/2-PU15.pdf,1-Assembly Drawings/2-PU15.txt,1276
1-Assembly Drawings.pdf,264,2-PU16,1-Assembly Drawings/2-PU16.pdf,1-Assembly Drawings/2-PU16.txt,1276
1-Assembly Drawings.pdf,265,2-PU17,1-Assembly Drawings/2-PU17.pdf,1-Assembly Drawings/2-PU17.txt,1276
1-Assembly Drawings.pdf,266,2-PU18,1-Assembly Drawings/2-PU18.pdf,1-Assembly Drawings/2-PU18.txt,1276
1-Assembly Drawings.pdf,267,2-PU19,1-Assembly Drawings/2-PU19.pdf,1-Assembly Drawings/2-PU19.txt,1254
1-Assembly Drawings.pdf,268,2-PU20,1-Assembly Drawings/2-PU20.pdf,1-Assembly Drawings/2-PU20.txt,1251
1-Assembly Drawings.pdf,269,2-PU21,1-Assembly Drawings/2-PU21.pdf,1-Assembly Drawings/2-PU21.txt,1251
1-Assembly Drawings.pdf,270,2-PU22,1-Assembly Drawings/2-PU22.pdf,1-Assembly Drawings/2-PU22.txt,1349
1-Assembly Drawings.pdf,271,2-PU23,1-Assembly Drawings/2-PU23.pdf,1-Assembly Drawings/2-PU23.txt,1341
1-Assembly Drawings.pdf,272,2-PU24,1-Assembly Drawings/2-PU24.pdf,1-Assembly Drawings/2-PU24.txt,1345
1-Assembly Drawings.pdf,273,2-PU25,1-Assembly Drawings/2-PU25.pdf,1-Assembly Drawings/2-PU25.txt,1251
1-Assembly Drawings.pdf,274,2-PU26,1-Assembly Drawings/2-PU26.pdf,1-Assembly Drawings/2-PU26.txt,1251
1-Assembly Drawings.pdf,275,2-PU27,1-Assembly Drawings/2-PU27.pdf,1-Assembly Drawings/2-PU27.txt,1159
1-Assembly Drawings.pdf,276,2-PU28,1-Assembly Drawings/2-PU28.pdf,1-Assembly Drawings/2-PU28.txt,1251
1-Assembly Drawings.pdf,277,2-PU29,1-Assembly Drawings/2-PU29.pdf,1-Assembly Drawings/2-PU29.txt,1251
1-Assembly Drawings.pdf,278,2-PU30,1-Assembly Drawings/2-PU30.pdf,1-Assembly Drawings/2-PU30.txt,1249
1-Assembly Drawings.pdf,279,2-PU31,1-Assembly Drawings/2-PU31.pdf,1-Assembly Drawings/2-PU31.txt,1344
1-Assembly Drawings.pdf,280,2-PU32,1-Assembly Drawings/2-PU32.pdf,1-Assembly Drawings/2-PU32.txt,1250
1-Assembly Drawings.pdf,281,2-PU33,1-Assembly Drawings/2-PU33.pdf,1-Assembly Drawings/2-PU33.txt,1244
1-Assembly Drawings.pdf,282,2-PU34,1-Assembly Drawings/2-PU34.pdf,1-Assembly Drawings/2-PU34.txt,1244
1-Assembly Drawings.pdf,283,2-PU35,1-Assembly Drawings/2-PU35.pdf,1-Assembly Drawings/2-PU35.txt,1244
1-Assembly Drawings.pdf,284,2-PU36,1-Assembly Drawings/2-PU36.pdf,1-Assembly Drawings/2-PU36.txt,1236
1-Assembly Drawings.pdf,285,2-PU37,1-Assembly Drawings/2-PU37.pdf,1-Assembly Drawings/2-PU37.txt,1235
1-Assembly Drawings.pdf,286,2-PU38,1-Assembly Drawings/2-PU38.pdf,1-Assembly Drawings/2-PU38.txt,1234
1-Assembly Drawings.pdf,287,2-PU39,1-Assembly Drawings/2-PU39.pdf,1-Assembly Drawings/2-PU39.txt,1235
1-Assembly Drawings.pdf,288,2-PU40,1-Assembly Drawings/2-PU40.pdf,1-Assembly Drawings/2-PU40.txt,1151
1-Assembly Drawings.pdf,289,2-PU41,1-Assembly Drawings/2-PU41.pdf,1-Assembly Drawings/2-PU41.txt,1143
1-Assembly Drawings.pdf,290,2-PU42,1-Assembly Drawings/2-PU42.pdf,1-Assembly Drawings/2-PU42.txt,1236
1-Assembly Drawings.pdf,291,2-PU43,1-Assembly Drawings/2-PU43.pdf,1-Assembly Drawings/2-PU43.txt,1250
1-Assembly Drawings.pdf,292,2-PU44,1-Assembly Drawings/2-PU44.pdf,1-Assembly Drawings/2-PU44.txt,1251
1-Assembly Drawings.pdf,293,2-PU45,1-Assembly Drawings/2-PU45.pdf,1-Assembly Drawings/2-PU45.txt,1243
1-Assembly Drawings.pdf,294,2-PU46,1-Assembly Drawings/2-PU46.pdf,1-Assembly Drawings/2-PU46.txt,1251
1-Assembly Drawings.pdf,295,2-PU47,1-Assembly Drawings/2-PU47.pdf,1-Assembly Drawings/2-PU47.txt,1374
1-Assembly Drawings.pdf,296,2-PU48,1-Assembly Drawings/2-PU48.pdf,1-Assembly Drawings/2-PU48.txt,1220
1-Assembly Drawings.pdf,297,2-PU49,1-Assembly Drawings/2-PU49.pdf,1-Assembly Drawings/2-PU49.txt,1203
1-Assembly Drawings.pdf,298,2-PU50,1-Assembly Drawings/2-PU50.pdf,1-Assembly Drawings/2-PU50.txt,1114
1-Assembly Drawings.pdf,299,2-PU51,1-Assembly Drawings/2-PU51.pdf,1-Assembly Drawings/2-PU51.txt,1202
1-Assembly Drawings.pdf,300,2-PU52,1-Assembly Drawings/2-PU52.pdf,1-Assembly Drawings/2-PU52.txt,1113
1-Assembly Drawings.pdf,301,2-PU53,1-Assembly Drawings/2-PU53.pdf,1-Assembly Drawings/2-PU53.txt,1114
1-Assembly Drawings.pdf,302,2-PU54,1-Assembly Drawings/2-PU54.pdf,1-Assembly Drawings/2-PU54.txt,1110
1-Assembly Drawings.pdf,303,2-PU55,1-Assembly Drawings/2-PU55.pdf,1-Assembly Drawings/2-PU55.txt,1113
1-Assembly Drawings.pdf,304,2-PU56,1-Assembly Drawings/2-PU56.pdf,1-Assembly Drawings/2-PU56.txt,1113
1-Assembly Drawings.pdf,305,2-PU57,1-Assembly Drawings/2-PU57.pdf,1-Assembly Drawings/2-PU57.txt,1206
1-Assembly Drawings.pdf,306,2-PU58,1-Assembly Drawings/2-PU58.pdf,1-Assembly Drawings/2-PU58.txt,1096
1-Assembly Drawings.pdf,307,2-PU59,1-Assembly Drawings/2-PU59.pdf,1-Assembly Drawings/2-PU59.txt,1358
1-Assembly Drawings.pdf,308,2-PU60,1-Assembly Drawings/2-PU60.pdf,1-Assembly Drawings/2-PU60.txt,1360
1-Assembly Drawings.pdf,309,2-PU61,1-Assembly Drawings/2-PU61.pdf,1-Assembly Drawings/2-PU61.txt,1359
1-Assembly Drawings.pdf,310,2-PU62,1-Assembly Drawings/2-PU62.pdf,1-Assembly Drawings/2-PU62.txt,1357
1-Assembly Drawings.pdf,311,2-PU63,1-Assembly Drawings/2-PU63.pdf,1-Assembly Drawings/2-PU63.txt,1374
1-Assembly Drawings.pdf,312,2-PU64,1-Assembly Drawings/2-PU64.pdf,1-Assembly Drawings/2-PU64.txt,1220
1-Assembly Drawings.pdf,313,2-PU65,1-Assembly Drawings/2-PU65.pdf,1-Assembly Drawings/2-PU65.txt,1227
1-Assembly Drawings.pdf,314,2-PU66,1-Assembly Drawings/2-PU66.pdf,1-Assembly Drawings/2-PU66.txt,1211
1-Assembly Drawings.pdf,315,2-PU67,1-Assembly Drawings/2-PU67.pdf,1-Assembly Drawings/2-PU67.txt,1219
1-Assembly Drawings.pdf,316,2-PU68,1-Assembly Drawings/2-PU68.pdf,1-Assembly Drawings/2-PU68.txt,1227
1-Assembly Drawings.pdf,317,2-PU69,1-Assembly Drawings/2-PU69.pdf,1-Assembly Drawings/2-PU69.txt,1220
1-Assembly Drawings.pdf,318,2-PU70,1-Assembly Drawings/2-PU70.pdf,1-Assembly Drawings/2-PU70.txt,1210
1-Assembly Drawings.pdf,319,2-PU71,1-Assembly Drawings/2-PU71.pdf,1-Assembly Drawings/2-PU71.txt,1127
1-Assembly Drawings.pdf,320,2-PU72,1-Assembly Drawings/2-PU72.pdf,1-Assembly Drawings/2-PU72.txt,1119
1-Assembly Drawings.pdf,321,2-PU73,1-Assembly Drawings/2-PU73.pdf,1-Assembly Drawings/2-PU73.txt,1211
1-Assembly Drawings.pdf,322,2-PU74,1-Assembly Drawings/2-PU74.pdf,1-Assembly Drawings/2-PU74.txt,1227
1-Assembly Drawings.pdf,323,2-PU75,1-Assembly Drawings/2-PU75.pdf,1-Assembly Drawings/2-PU75.txt,1210
1-Assembly Drawings.pdf,324,2-PU76,1-Assembly Drawings/2-PU76.pdf,1-Assembly Drawings/2-PU76.txt,1211
1-Assembly Drawings.pdf,325,2-PU77,1-Assembly Drawings/2-PU77.pdf,1-Assembly Drawings/2-PU77.txt,1220
1-Assembly Drawings.pdf,326,2-PU78,1-Assembly Drawings/2-PU78.pdf,1-Assembly Drawings/2-PU78.txt,1220
1-Assembly Drawings.pdf,327,2-PU79,1-Assembly Drawings/2-PU79.pdf,1-Assembly Drawings/2-PU79.txt,1220
1-Assembly Drawings.pdf,328,2-PU80,1-Assembly Drawings/2-PU80.pdf,1-Assembly Drawings/2-PU80.txt,1220
1-Assembly Drawings.pdf,329,2-PU81,1-Assembly Drawings/2-PU81.pdf,1-Assembly Drawings/2-PU81.txt,1226
1-Assembly Drawings.pdf,330,2-PU82,1-Assembly Drawings/2-PU82.pdf,1-Assembly Drawings/2-PU82.txt,1320
1-Assembly Drawings.pdf,331,2-PU83,1-Assembly Drawings/2-PU83.pdf,1-Assembly Drawings/2-PU83.txt,920
1-Assembly Drawings.pdf,332,2-PU84,1-Assembly Drawings/2-PU84.pdf,1-Assembly Drawings/2-PU84.txt,920
1-Assembly Drawings.pdf,333,2-PU85,1-Assembly Drawings/2-PU85.pdf,1-Assembly Drawings/2-PU85.txt,920
1-Assembly Drawings.pdf,334,2-PU86,1-Assembly Drawings/2-PU86.pdf,1-Assembly Drawings/2-PU86.txt,920
1-Assembly Drawings.pdf,335,2-PU87,1-Assembly Drawings/2-PU87.pdf,1-Assembly Drawings/2-PU87.txt,920
1-Assembly Drawings.pdf,336,2-PU88,1-Assembly Drawings/2-PU88.pdf,1-Assembly Drawings/2-PU88.txt,920
1-Assembly Drawings.pdf,337,2-PU89,1-Assembly Drawings/2-PU89.pdf,1-Assembly Drawings/2-PU89.txt,920
1-Assembly Drawings.pdf,338,2-R1,1-Assembly Drawings/2-R1.pdf,1-Assembly Drawings/2-R1.txt,2029
1-Assembly Drawings.pdf,339,2-R2,1-Assembly Drawings/2-R2.pdf,1-Assembly Drawings/2-R2.txt,2099
1-Assembly Drawings.pdf,340,2-R3,1-Assembly Drawings/2-R3.pdf,1-Assembly Drawings/2-R3.txt,2029
1-Assembly Drawings.pdf,341,2-R4,1-Assembly Drawings/2-R4.pdf,1-Assembly Drawings/2-R4.txt,1750
1-Assembly Drawings.pdf,342,2-R5,1-Assembly Drawings/2-R5.pdf,1-Assembly Drawings/2-R5.txt,1982
1-Assembly Drawings.pdf,343,2-R6,1-Assembly Drawings/2-R6.pdf,1-Assembly Drawings/2-R6.txt,2201
1-Assembly Drawings.pdf,344,2-R7,1-Assembly Drawings/2-R7.pdf,1-Assembly Drawings/2-R7.txt,2445
1-Assembly Drawings.pdf,345,2-R8,1-Assembly Drawings/2-R8.pdf,1-Assembly Drawings/2-R8.txt,1766
1-Assembly Drawings.pdf,346,2-R9,1-Assembly Drawings/2-R9.pdf,1-Assembly Drawings/2-R9.txt,1960
1-Assembly Drawings.pdf,347,2-R10,1-Assembly Drawings/2-R10.pdf,1-Assembly Drawings/2-R10.txt,1820
1-Assembly Drawings.pdf,348,2-R11,1-Assembly Drawings/2-R11.pdf,1-Assembly Drawings/2-R11.txt,2051
1-Assembly Drawings.pdf,349,2-R12,1-Assembly Drawings/2-R12.pdf,1-Assembly Drawings/2-R12.txt,2265
1-Assembly Drawings.pdf,350,2-R13,1-Assembly Drawings/2-R13.pdf,1-Assembly Drawings/2-R13.txt,2674
1-Assembly Drawings.pdf,351,2-R14,1-Assembly Drawings/2-R14.pdf,1-Assembly Drawings/2-R14.txt,2016
1-Assembly Drawings.pdf,352,2-R15,1-Assembly Drawings/2-R15.pdf,1-Assembly Drawings/2-R15.txt,2675
1-Assembly Drawings.pdf,353,2-R16,1-Assembly Drawings/2-R16.pdf,1-Assembly Drawings/2-R16.txt,2679
1-Assembly Drawings.pdf,354,2-R17,1-Assembly Drawings/2-R17.pdf,1-Assembly Drawings/2-R17.txt,2037
1-Assembly Drawings.pdf,355,2-R18,1-Assembly Drawings/2-R18.pdf,1-Assembly Drawings/2-R18.txt,2166
1-Assembly Drawings.pdf,356,2-R19,1-Assembly Drawings/2-R19.pdf,1-Assembly Drawings/2-R19.txt,2419
1-Assembly Drawings.pdf,357,2-R20,1-Assembly Drawings/2-R20.pdf,1-Assembly Drawings/2-R20.txt,2571
1-Assembly Drawings.pdf,358,2-R21,1-Assembly Drawings/2-R21.pdf,1-Assembly Drawings/2-R21.txt,2051
1-Assembly Drawings.pdf,359,2-R22,1-Assembly Drawings/2-R22.pdf,1-Assembly Drawings/2-R22.txt,1898
1-Assembly Drawings.pdf,360,2-R23,1-Assembly Drawings/2-R23.pdf,1-Assembly Drawings/2-R23.txt,1901
1-Assembly Drawings.pdf,361,2-R24,1-Assembly Drawings/2-R24.pdf,1-Assembly Drawings/2-R24.txt,1872
1-Assembly Drawings.pdf,362,2-R25,1-Assembly Drawings/2-R25.pdf,1-Assembly Drawings/2-R25.txt,1913
1-Assembly Drawings.pdf,363,2-R26,1-Assembly Drawings/2-R26.pdf,1-Assembly Drawings/2-R26.txt,2034
1-Assembly Drawings.pdf,364,2-R27,1-Assembly Drawings/2-R27.pdf,1-Assembly Drawings/2-R27.txt,2070
1-Assembly Drawings.pdf,365,2-R28,1-Assembly Drawings/2-R28.pdf,1-Assembly Drawings/2-R28.txt,2716
1-Assembly Drawings.pdf,366,2-R29,1-Assembly Drawings/2-R29.pdf,1-Assembly Drawings/2-R29.txt,3646
1-Assembly Drawings.pdf,367,2-R30,1-Assembly Drawings/2-R30.pdf,1-Assembly Drawings/2-R30.txt,2807
1-Assembly Drawings.pdf,368,2-R31,1-Assembly Drawings/2-R31.pdf,1-Assembly Drawings/2-R31.txt,2875
1-Assembly Drawings.pdf,369,2-R32,1-Assembly Drawings/2-R32.pdf,1-Assembly Drawings/2-R32.txt,2880
1-Assembly Drawings.pdf,370,2-R33,1-Assembly Drawings/2-R33.pdf,1-Assembly Drawings/2-R33.txt,2928
1-Assembly Drawings.pdf,371,2-R34,1-Assembly Drawings/2-R34.pdf,1-Assembly Drawings/2-R34.txt,2925
1-Assembly Drawings.pdf,372,2-R35,1-Assembly Drawings/2-R35.pdf,1-Assembly Drawings/2-R35.txt,2856
1-Assembly Drawings.pdf,373,2-R36,1-Assembly Drawings/2-R36.pdf,1-Assembly Drawings/2-R36.txt,3153
1-Assembly Drawings.pdf,374,2-R37,1-Assembly Drawings/2-R37.pdf,1-Assembly Drawings/2-R37.txt,3104
1-Assembly Drawings.pdf,375,2-R38,1-Assembly Drawings/2-R38.pdf,1-Assembly Drawings/2-R38.txt,2987
1-Assembly Drawings.pdf,376,2-R39,1-Assembly Drawings/2-R39.pdf,1-Assembly Drawings/2-R39.txt,2045
1-Assembly Drawings.pdf,377,2-R40,1-Assembly Drawings/2-R40.pdf,1-Assembly Drawings/2-R40.txt,2203
1-Assembly Drawings.pdf,378,2-R41,1-Assembly Drawings/2-R41.pdf,1-Assembly Drawings/2-R41.txt,1409
1-Assembly Drawings.pdf,379,2-R42,1-Assembly Drawings/2-R42.pdf,1-Assembly Drawings/2-R42.txt,1409
1-Assembly Drawings.pdf,380,2-R43,1-Assembly Drawings/2-R43.pdf,1-Assembly Drawings/2-R43.txt,1353
1-Assembly Drawings.pdf,381,2-R44,1-Assembly Drawings/2-R44.pdf,1-Assembly Drawings/2-R44.txt,1414
1-Assembly Drawings.pdf,382,2-R45,1-Assembly Drawings/2-R45.pdf,1-Assembly Drawings/2-R45.txt,1420
1-Assembly Drawings.pdf,383,2-R46,1-Assembly Drawings/2-R46.pdf,1-Assembly Drawings/2-R46.txt,1420
1-Assembly Drawings.pdf,384,2-R47,1-Assembly Drawings/2-R47.pdf,1-Assembly Drawings/2-R47.txt,1423
1-Assembly Drawings.pdf,385,2-R48,1-Assembly Drawings/2-R48.pdf,1-Assembly Drawings/2-R48.txt,1423
1-Assembly Drawings.pdf,386,2-R49,1-Assembly Drawings/2-R49.pdf,1-Assembly Drawings/2-R49.txt,1510
1-Assembly Drawings.pdf,387,2-R50,1-Assembly Drawings/2-R50.pdf,1-Assembly Drawings/2-R50.txt,1363
1-Assembly Drawings.pdf,388,2-R51,1-Assembly Drawings/2-R51.pdf,1-Assembly Drawings/2-R51.txt,1353
1-Assembly Drawings.pdf,389,2-R52,1-Assembly Drawings/2-R52.pdf,1-Assembly Drawings/2-R52.txt,1409
1-Assembly Drawings.pdf,390,2-R53,1-Assembly Drawings/2-R53.pdf,1-Assembly Drawings/2-R53.txt,1419
1-Assembly Drawings.pdf,391,2-R54,1-Assembly Drawings/2-R54.pdf,1-Assembly Drawings/2-R54.txt,1363
1-Assembly Drawings.pdf,392,2-R55,1-Assembly Drawings/2-R55.pdf,1-Assembly Drawings/2-R55.txt,1524
1-Assembly Drawings.pdf,393,2-R56,1-Assembly Drawings/2-R56.pdf,1-Assembly Drawings/2-R56.txt,1457
1-Assembly Drawings.pdf,394,2-R57,1-Assembly Drawings/2-R57.pdf,1-Assembly Drawings/2-R57.txt,1457
1-Assembly Drawings.pdf,395,2-R58,1-Assembly Drawings/2-R58.pdf,1-Assembly Drawings/2-R58.txt,1361
1-Assembly Drawings.pdf,396,2-SA1,1-Assembly Drawings/2-SA1.pdf,1-Assembly Drawings/2-SA1.txt,914
1-Assembly Drawings.pdf,397,2-SA2,1-Assembly Drawings/2-SA2.pdf,1-Assembly Drawings/2-SA2.txt,910
1-Assembly Drawings.pdf,398,2-SA3,1-Assembly Drawings/2-SA3.pdf,1-Assembly Drawings/2-SA3.txt,910
1-Assembly Drawings.pdf,399,2-SA4,1-Assembly Drawings/2-SA4.pdf,1-Assembly Drawings/2-SA4.txt,915
1-Assembly Drawings.pdf,400,2-SA5,1-Assembly Drawings/2-SA5.pdf,1-Assembly Drawings/2-SA5.txt,918
1-Assembly Drawings.pdf,401,2-SA6,1-Assembly Drawings/2-SA6.pdf,1-Assembly Drawings/2-SA6.txt,918
1-Assembly Drawings.pdf,402,2-SA7,1-Assembly Drawings/2-SA7.pdf,1-Assembly Drawings/2-SA7.txt,910
1-Assembly Drawings.pdf,403,2-SA8,1-Assembly Drawings/2-SA8.pdf,1-Assembly Drawings/2-SA8.txt,918
1-Assembly Drawings.pdf,404,2-SA9,1-Assembly Drawings/2-SA9.pdf,1-Assembly Drawings/2-SA9.txt,918
1-Assembly Drawings.pdf,405,2-SA10,1-Assembly Drawings/2-SA10.pdf,1-Assembly Drawings/2-SA10.txt,923
1-Assembly Drawings.pdf,406,3-BR1,1-Assembly Drawings/3-BR1.pdf,1-Assembly Drawings/3-BR1.txt,1404
1-Assembly Drawings.pdf,407,3-BR2,1-Assembly Drawings/3-BR2.pdf,1-Assembly Drawings/3-BR2.txt,925
1-Assembly Drawings.pdf,408,3-BR3,1-Assembly Drawings/3-BR3.pdf,1-Assembly Drawings/3-BR3.txt,922
1-Assembly Drawings.pdf,409,3-BR4,1-Assembly Drawings/3-BR4.pdf,1-Assembly Drawings/3-BR4.txt,925
1-Assembly Drawings.pdf,410,3-BR5,1-Assembly Drawings/3-BR5.pdf,1-Assembly Drawings/3-BR5.txt,922
1-Assembly Drawings.pdf,411,3-C1,1-Assembly Drawings/3-C1.pdf,1-Assembly Drawings/3-C1.txt,1655
1-Assembly Drawings.pdf,412,3-C2,1-Assembly Drawings/3-C2.pdf,1-Assembly Drawings/3-C2.txt,1652
1-Assembly Drawings.pdf,413,3-C3,1-Assembly Drawings/3-C3.pdf,1-Assembly Drawings/3-C3.txt,1606
1-Assembly Drawings.pdf,414,3-PU1,1-Assembly Drawings/3-PU1.pdf,1-Assembly Drawings/3-PU1.txt,1357
1-Assembly Drawings.pdf,415,3-PU2,1-Assembly Drawings/3-PU2.pdf,1-Assembly Drawings/3-PU2.txt,1355
1-Assembly Drawings.pdf,416,3-PU3,1-Assembly Drawings/3-PU3.pdf,1-Assembly Drawings/3-PU3.txt,1355
1-Assembly Drawings.pdf,417,3-PU4,1-Assembly Drawings/3-PU4.pdf,1-Assembly Drawings/3-PU4.txt,1338
1-Assembly Drawings.pdf,418,3-PU5,1-Assembly Drawings/3-PU5.pdf,1-Assembly Drawings/3-PU5.txt,1354
1-Assembly Drawings.pdf,419,3-R1,1-Assembly Drawings/3-R1.pdf,1-Assembly Drawings/3-R1.txt,1881
1-Assembly Drawings.pdf,420,3-R2,1-Assembly Drawings/3-R2.pdf,1-Assembly Drawings/3-R2.txt,1885
1-Assembly Drawings.pdf,421,3-R3,1-Assembly Drawings/3-R3.pdf,1-Assembly Drawings/3-R3.txt,1744
1-Assembly Drawings.pdf,422,3-R4,1-Assembly Drawings/3-R4.pdf,1-Assembly Drawings/3-R4.txt,1699
1-Assembly Drawings.pdf,423,3-R5,1-Assembly Drawings/3-R5.pdf,1-Assembly Drawings/3-R5.txt,1693
1-Assembly Drawings.pdf,424,3-R6,1-Assembly Drawings/3-R6.pdf,1-Assembly Drawings/3-R6.txt,1631
1-Assembly Drawings.pdf,425,3-R7,1-Assembly Drawings/3-R7.pdf,1-Assembly Drawings/3-R7.txt,1746
1-Assembly Drawings.pdf,426,3-R8,1-Assembly Drawings/3-R8.pdf,1-Assembly Drawings/3-R8.txt,1814
1-Assembly Drawings.pdf,427,3-R9,1-Assembly Drawings/3-R9.pdf,1-Assembly Drawings/3-R9.txt,1833
1-Assembly Drawings.pdf,428,3-R10,1-Assembly Drawings/3-R10.pdf,1-Assembly Drawings/3-R10.txt,1590
1-Assembly Drawings.pdf,429,3-R11,1-Assembly Drawings/3-R11.pdf,1-Assembly Drawings/3-R11.txt,1721
1-Assembly Drawings.pdf,430,3-R12,1-Assembly Drawings/3-R12.pdf,1-Assembly Drawings/3-R12.txt,1677
1-Assembly Drawings.pdf,431,3-R13,1-Assembly Drawings/3-R13.pdf,1-Assembly Drawings/3-R13.txt,1807
1-Assembly Drawings.pdf,432,3-R14,1-Assembly Drawings/3-R14.pdf,1-Assembly Drawings/3-R14.txt,1716
1-Assembly Drawings.pdf,433,3-R15,1-Assembly Drawings/3-R15.pdf,1-Assembly Drawings/3-R15.txt,1806
1-Assembly Drawings.pdf,434,3-SA1,1-Assembly Drawings/3-SA1.pdf,1-Assembly Drawings/3-SA1.txt,920
2-Single Part Drawings.pdf,1,1-C1,2-Single Part Drawings/1-C1.pdf,2-Single Part Drawings/1-C1.txt,565
2-Single Part Drawings.pdf,2,1-C2,2-Single Part Drawings/1-C2.pdf,2-Single Part Drawings/1-C2.txt,531
2-Single Part Drawings.pdf,3,2-C1,2-Single Part Drawings/2-C1.pdf,2-Single Part Drawings/2-C1.txt,547
2-Single Part Drawings.pdf,4,2-C2,2-Single Part Drawings/2-C2.pdf,2-Single Part Drawings/2-C2.txt,588
2-Single Part Drawings.pdf,5,2-C5,2-Single Part Drawings/2-C5.pdf,2-Single Part Drawings/2-C5.txt,563
2-Single Part Drawings.pdf,6,1-C3,2-Single Part Drawings/1-C3.pdf,2-Single Part Drawings/1-C3.txt,529
2-Single Part Drawings.pdf,7,2-C9,2-Single Part Drawings/2-C9.pdf,2-Single Part Drawings/2-C9.txt,539
2-Single Part Drawings.pdf,8,2-C11,2-Single Part Drawings/2-C11.pdf,2-Single Part Drawings/2-C11.txt,529
2-Single Part Drawings.pdf,9,2-C12,2-Single Part Drawings/2-C12.pdf,2-Single Part Drawings/2-C12.txt,529
2-Single Part Drawings.pdf,10,1-C1,2-Single Part Drawings/1-C1__2.pdf,2-Single Part Drawings/1-C1__2.txt,655
2-Single Part Drawings.pdf,11,1-C10,2-Single Part Drawings/1-C10.pdf,2-Single Part Drawings/1-C10.txt,529
2-Single Part Drawings.pdf,12,1-C11,2-Single Part Drawings/1-C11.pdf,2-Single Part Drawings/1-C11.txt,539
2-Single Part Drawings.pdf,13,1-C12,2-Single Part Drawings/1-C12.pdf,2-Single Part Drawings/1-C12.txt,564
2-Single Part Drawings.pdf,14,1-C14,2-Single Part Drawings/1-C14.pdf,2-Single Part Drawings/1-C14.txt,582
2-Single Part Drawings.pdf,15,1-C10,2-Single Part Drawings/1-C10__2.pdf,2-Single Part Drawings/1-C10__2.txt,563
2-Single Part Drawings.pdf,16,2-C13,2-Single Part Drawings/2-C13.pdf,2-Single Part Drawings/2-C13.txt,577
2-Single Part Drawings.pdf,17,2-C14,2-Single Part Drawings/2-C14.pdf,2-Single Part Drawings/2-C14.txt,621
2-Single Part Drawings.pdf,18,2-C15,2-Single Part Drawings/2-C15.pdf,2-Single Part Drawings/2-C15.txt,613
2-Single Part Drawings.pdf,19,1-C17,2-Single Part Drawings/1-C17.pdf,2-Single Part Drawings/1-C17.txt,554
2-Single Part Drawings.pdf,20,1-C18,2-Single Part Drawings/1-C18.pdf,2-Single Part Drawings/1-C18.txt,551
2-Single Part Drawings.pdf,21,2-C16,2-Single Part Drawings/2-C16.pdf,2-Single Part Drawings/2-C16.txt,563
2-Single Part Drawings.pdf,22,2-C17,2-Single Part Drawings/2-C17.pdf,2-Single Part Drawings/2-C17.txt,561
2-Single Part Drawings.pdf,23,2-C18,2-Single Part Drawings/2-C18.pdf,2-Single Part Drawings/2-C18.txt,598
2-Single Part Drawings.pdf,24,2-R1,2-Single Part Drawings/2-R1.pdf,2-Single Part Drawings/2-R1.txt,519
2-Single Part Drawings.pdf,25,2-R2,2-Single Part Drawings/2-R2.pdf,2-Single Part Drawings/2-R2.txt,519
2-Single Part Drawings.pdf,26,2-R3,2-Single Part Drawings/2-R3.pdf,2-Single Part Drawings/2-R3.txt,519
2-Single Part Drawings.pdf,27,2-C20,2-Single Part Drawings/2-C20.pdf,2-Single Part Drawings/2-C20.txt,533
2-Single Part Drawings.pdf,28,2-C21,2-Single Part Drawings/2-C21.pdf,2-Single Part Drawings/2-C21.txt,533
2-Single Part Drawings.pdf,29,2-C22,2-Single Part Drawings/2-C22.pdf,2-Single Part Drawings/2-C22.txt,535
2-Single Part Drawings.pdf,30,2-C23,2-Single Part Drawings/2-C23.pdf,2-Single Part Drawings/2-C23.txt,535
2-Single Part Drawings.pdf,31,2-C24,2-Single Part Drawings/2-C24.pdf,2-Single Part Drawings/2-C24.txt,562
2-Single Part Drawings.pdf,32,2-C25,2-Single Part Drawings/2-C25.pdf,2-Single Part Drawings/2-C25.txt,560
2-Single Part Drawings.pdf,33,2-C26,2-Single Part Drawings/2-C26.pdf,2-Single Part Drawings/2-C26.txt,560
2-Single Part Drawings.pdf,34,2-C27,2-Single Part Drawings/2-C27.pdf,2-Single Part Drawings/2-C27.txt,537
2-Single Part Drawings.pdf,35,2-C28,2-Single Part Drawings/2-C28.pdf,2-Single Part Drawings/2-C28.txt,537
2-Single Part Drawings.pdf,36,1-C20,2-Single Part Drawings/1-C20.pdf,2-Single Part Drawings/1-C20.txt,541
2-Single Part Drawings.pdf,37,2-C30,2-Single Part Drawings/2-C30.pdf,2-Single Part Drawings/2-C30.txt,519
2-Single Part Drawings.pdf,38,2-C31,2-Single Part Drawings/2-C31.pdf,2-Single Part Drawings/2-C31.txt,569
2-Single Part Drawings.pdf,39,2-C32,2-Single Part Drawings/2-C32.pdf,2-Single Part Drawings/2-C32.txt,561
2-Single Part Drawings.pdf,40,2-C33,2-Single Part Drawings/2-C33.pdf,2-Single Part Drawings/2-C33.txt,553
2-Single Part Drawings.pdf,41,2-C34,2-Single Part Drawings/2-C34.pdf,2-Single Part Drawings/2-C34.txt,552
2-Single Part Drawings.pdf,42,2-C35,2-Single Part Drawings/2-C35.pdf,2-Single Part Drawings/2-C35.txt,552
2-Single Part Drawings.pdf,43,1-C23,2-Single Part Drawings/1-C23.pdf,2-Single Part Drawings/1-C23.txt,524
2-Single Part Drawings.pdf,44,1-C27,2-Single Part Drawings/1-C27.pdf,2-Single Part Drawings/1-C27.txt,524
2-Single Part Drawings.pdf,45,1-C31,2-Single Part Drawings/1-C31.pdf,2-Single Part Drawings/1-C31.txt,522
2-Single Part Drawings.pdf,46,2-C36,2-Single Part Drawings/2-C36.pdf,2-Single Part Drawings/2-C36.txt,497
2-Single Part Drawings.pdf,47,2-C37,2-Single Part Drawings/2-C37.pdf,2-Single Part Drawings/2-C37.txt,499
2-Single Part Drawings.pdf,48,2-C38,2-Single Part Drawings/2-C38.pdf,2-Single Part Drawings/2-C38.txt,499
2-Single Part Drawings.pdf,49,3-R1,2-Single Part Drawings/3-R1.pdf,2-Single Part Drawings/3-R1.txt,565
2-Single Part Drawings.pdf,50,3-R2,2-Single Part Drawings/3-R2.pdf,2-Single Part Drawings/3-R2.txt,531
2-Single Part Drawings.pdf,51,2-R4,2-Single Part Drawings/2-R4.pdf,2-Single Part Drawings/2-R4.txt,550
2-Single Part Drawings.pdf,52,2-R5,2-Single Part Drawings/2-R5.pdf,2-Single Part Drawings/2-R5.txt,550
2-Single Part Drawings.pdf,53,2-R6,2-Single Part Drawings/2-R6.pdf,2-Single Part Drawings/2-R6.txt,559
2-Single Part Drawings.pdf,54,2-R7,2-Single Part Drawings/2-R7.pdf,2-Single Part Drawings/2-R7.txt,561
2-Single Part Drawings.pdf,55,2-R8,2-Single Part Drawings/2-R8.pdf,2-Single Part Drawings/2-R8.txt,528
2-Single Part Drawings.pdf,56,2-R9,2-Single Part Drawings/2-R9.pdf,2-Single Part Drawings/2-R9.txt,530
2-Single Part Drawings.pdf,57,2-R10,2-Single Part Drawings/2-R10.pdf,2-Single Part Drawings/2-R10.txt,529
2-Single Part Drawings.pdf,58,2-R11,2-Single Part Drawings/2-R11.pdf,2-Single Part Drawings/2-R11.txt,531
2-Single Part Drawings.pdf,59,3-C1,2-Single Part Drawings/3-C1.pdf,2-Single Part Drawings/3-C1.txt,600
2-Single Part Drawings.pdf,60,3-R3,2-Single Part Drawings/3-R3.pdf,2-Single Part Drawings/3-R3.txt,541
2-Single Part Drawings.pdf,61,2-R12,2-Single Part Drawings/2-R12.pdf,2-Single Part Drawings/2-R12.txt,545
2-Single Part Drawings.pdf,62,2-R13,2-Single Part Drawings/2-R13.pdf,2-Single Part Drawings/2-R13.txt,579
2-Single Part Drawings.pdf,63,2-R14,2-Single Part Drawings/2-R14.pdf,2-Single Part Drawings/2-R14.txt,493
2-Single Part Drawings.pdf,64,2-R17,2-Single Part Drawings/2-R17.pdf,2-Single Part Drawings/2-R17.txt,493
2-Single Part Drawings.pdf,65,3-R6,2-Single Part Drawings/3-R6.pdf,2-Single Part Drawings/3-R6.txt,493
2-Single Part Drawings.pdf,66,3-R7,2-Single Part Drawings/3-R7.pdf,2-Single Part Drawings/3-R7.txt,493
2-Single Part Drawings.pdf,67,2-R18,2-Single Part Drawings/2-R18.pdf,2-Single Part Drawings/2-R18.txt,494
2-Single Part Drawings.pdf,68,2-R19,2-Single Part Drawings/2-R19.pdf,2-Single Part Drawings/2-R19.txt,496
2-Single Part Drawings.pdf,69,2-R20,2-Single Part Drawings/2-R20.pdf,2-Single Part Drawings/2-R20.txt,530
2-Single Part Drawings.pdf,70,2-R21,2-Single Part Drawings/2-R21.pdf,2-Single Part Drawings/2-R21.txt,496
2-Single Part Drawings.pdf,71,2-R22,2-Single Part Drawings/2-R22.pdf,2-Single Part Drawings/2-R22.txt,497
2-Single Part Drawings.pdf,72,2-R24,2-Single Part Drawings/2-R24.pdf,2-Single Part Drawings/2-R24.txt,489
2-Single Part Drawings.pdf,73,2-R25,2-Single Part Drawings/2-R25.pdf,2-Single Part Drawings/2-R25.txt,489
2-Single Part Drawings.pdf,74,2-R26,2-Single Part Drawings/2-R26.pdf,2-Single Part Drawings/2-R26.txt,489
2-Single Part Drawings.pdf,75,2-R27,2-Single Part Drawings/2-R27.pdf,2-Single Part Drawings/2-R27.txt,496
2-Single Part Drawings.pdf,76,2-R12,2-Single Part Drawings/2-R12__2.pdf,2-Single Part Drawings/2-R12__2.txt,589
2-Single Part Drawings.pdf,77,3-R2,2-Single Part Drawings/3-R2__2.pdf,2-Single Part Drawings/3-R2__2.txt,520
2-Single Part Drawings.pdf,78,3-R2,2-Single Part Drawings/3-R2__3.pdf,2-Single Part Drawings/3-R2__3.txt,521
2-Single Part Drawings.pdf,79,2-R5,2-Single Part Drawings/2-R5__2.pdf,2-Single Part Drawings/2-R5__2.txt,524
2-Single Part Drawings.pdf,80,2-R5,2-Single Part Drawings/2-R5__3.pdf,2-Single Part Drawings/2-R5__3.txt,521
2-Single Part Drawings.pdf,81,2-R1,2-Single Part Drawings/2-R1__2.pdf,2-Single Part Drawings/2-R1__2.txt,602
2-Single Part Drawings.pdf,82,2-C39,2-Single Part Drawings/2-C39.pdf,2-Single Part Drawings/2-C39.txt,533
2-Single Part Drawings.pdf,83,2-C40,2-Single Part Drawings/2-C40.pdf,2-Single Part Drawings/2-C40.txt,563
2-Single Part Drawings.pdf,84,2-C41,2-Single Part Drawings/2-C41.pdf,2-Single Part Drawings/2-C41.txt,590
2-Single Part Drawings.pdf,85,2-C42,2-Single Part Drawings/2-C42.pdf,2-Single Part Drawings/2-C42.txt,588
2-Single Part Drawings.pdf,86,2-C43,2-Single Part Drawings/2-C43.pdf,2-Single Part Drawings/2-C43.txt,582
2-Single Part Drawings.pdf,87,2-C44,2-Single Part Drawings/2-C44.pdf,2-Single Part Drawings/2-C44.txt,580
2-Single Part Drawings.pdf,88,1-C35,2-Single Part Drawings/1-C35.pdf,2-Single Part Drawings/1-C35.txt,642
2-Single Part Drawings.pdf,89,1-C36,2-Single Part Drawings/1-C36.pdf,2-Single Part Drawings/1-C36.txt,607
2-Single Part Drawings.pdf,90,2-R28,2-Single Part Drawings/2-R28.pdf,2-Single Part Drawings/2-R28.txt,523
2-Single Part Drawings.pdf,91,2-C48,2-Single Part Drawings/2-C48.pdf,2-Single Part Drawings/2-C48.txt,625
2-Single Part Drawings.pdf,92,2-R29,2-Single Part Drawings/2-R29.pdf,2-Single Part Drawings/2-R29.txt,559
2-Single Part Drawings.pdf,93,1-R1,2-Single Part Drawings/1-R1.pdf,2-Single Part Drawings/1-R1.txt,495
2-Single Part Drawings.pdf,94,1-R2,2-Single Part Drawings/1-R2.pdf,2-Single Part Drawings/1-R2.txt,514
2-Single Part Drawings.pdf,95,1-R3,2-Single Part Drawings/1-R3.pdf,2-Single Part Drawings/1-R3.txt,517
2-Single Part Drawings.pdf,96,2-R35,2-Single Part Drawings/2-R35.pdf,2-Single Part Drawings/2-R35.txt,489
2-Single Part Drawings.pdf,97,1-R4,2-Single Part Drawings/1-R4.pdf,2-Single Part Drawings/1-R4.txt,548
2-Single Part Drawings.pdf,98,1-R5,2-Single Part Drawings/1-R5.pdf,2-Single Part Drawings/1-R5.txt,535
2-Single Part Drawings.pdf,99,1-R6,2-Single Part Drawings/1-R6.pdf,2-Single Part Drawings/1-R6.txt,562
2-Single Part Drawings.pdf,100,2-R38,2-Single Part Drawings/2-R38.pdf,2-Single Part Drawings/2-R38.txt,533
2-Single Part Drawings.pdf,101,1-R2,2-Single Part Drawings/1-R2__2.pdf,2-Single Part Drawings/1-R2__2.txt,559
2-Single Part Drawings.pdf,102,1-R1,2-Single Part Drawings/1-R1__2.pdf,2-Single Part Drawings/1-R1__2.txt,633
2-Single Part Drawings.pdf,103,1-R1,2-Single Part Drawings/1-R1__3.pdf,2-Single Part Drawings/1-R1__3.txt,510
2-Single Part Drawings.pdf,104,1-R6,2-Single Part Drawings/1-R6__2.pdf,2-Single Part Drawings/1-R6__2.txt,563
2-Single Part Drawings.pdf,105,2-R38,2-Single Part Drawings/2-R38__2.pdf,2-Single Part Drawings/2-R38__2.txt,543
2-Single Part Drawings.pdf,106,1-C35,2-Single Part Drawings/1-C35__2.pdf,2-Single Part Drawings/1-C35__2.txt,631
2-Single Part Drawings.pdf,107,1-C12,2-Single Part Drawings/1-C12__2.pdf,2-Single Part Drawings/1-C12__2.txt,561
2-Single Part Drawings.pdf,108,3-R8,2-Single Part Drawings/3-R8.pdf,2-Single Part Drawings/3-R8.txt,498
2-Single Part Drawings.pdf,109,3-R8,2-Single Part Drawings/3-R8__2.pdf,2-Single Part Drawings/3-R8__2.txt,498
2-Single Part Drawings.pdf,110,3-R8,2-Single Part Drawings/3-R8__3.pdf,2-Single Part Drawings/3-R8__3.txt,489
2-Single Part Drawings.pdf,111,3-R9,2-Single Part Drawings/3-R9.pdf,2-Single Part Drawings/3-R9.txt,489
2-Single Part Drawings.pdf,112,1-R3,2-Single Part Drawings/1-R3__2.pdf,2-Single Part Drawings/1-R3__2.txt,548
2-Single Part Drawings.pdf,113,3-R1,2-Single Part Drawings/3-R1__2.pdf,2-Single Part Drawings/3-R1__2.txt,518
2-Single Part Drawings.pdf,114,2-R6,2-Single Part Drawings/2-R6__2.pdf,2-Single Part Drawings/2-R6__2.txt,528
2-Single Part Drawings.pdf,115,1-C17,2-Single Part Drawings/1-C17__2.pdf,2-Single Part Drawings/1-C17__2.txt,580
2-Single Part Drawings.pdf,116,3-R10,2-Single Part Drawings/3-R10.pdf,2-Single Part Drawings/3-R10.txt,526
2-Single Part Drawings.pdf,117,3-R10,2-Single Part Drawings/3-R10__2.pdf,2-Single Part Drawings/3-R10__2.txt,512
2-Single Part Drawings.pdf,118,3-R12,2-Single Part Drawings/3-R12.pdf,2-Single Part Drawings/3-R12.txt,511
2-Single Part Drawings.pdf,119,1-BR1,2-Single Part Drawings/1-BR1.pdf,2-Single Part Drawings/1-BR1.txt,496
2-Single Part Drawings.pdf,120,2-R39,2-Single Part Drawings/2-R39.pdf,2-Single Part Drawings/2-R39.txt,515
2-Single Part Drawings.pdf,121,1-R7,2-Single Part Drawings/1-R7.pdf,2-Single Part Drawings/1-R7.txt,522
2-Single Part Drawings.pdf,122,2-R40,2-Single Part Drawings/2-R40.pdf,2-Single Part Drawings/2-R40.txt,527
2-Single Part Drawings.pdf,123,1-R9,2-Single Part Drawings/1-R9.pdf,2-Single Part Drawings/1-R9.txt,542
2-Single Part Drawings.pdf,124,1-C37,2-Single Part Drawings/1-C37.pdf,2-Single Part Drawings/1-C37.txt,510
2-Single Part Drawings.pdf,125,1-C37,2-Single Part Drawings/1-C37__2.pdf,2-Single Part Drawings/1-C37__2.txt,504
2-Single Part Drawings.pdf,126,1-C39,2-Single Part Drawings/1-C39.pdf,2-Single Part Drawings/1-C39.txt,496
2-Single Part Drawings.pdf,127,2-C16,2-Single Part Drawings/2-C16__2.pdf,2-Single Part Drawings/2-C16__2.txt,654
2-Single Part Drawings.pdf,128,1-C10,2-Single Part Drawings/1-C10__3.pdf,2-Single Part Drawings/1-C10__3.txt,590
2-Single Part Drawings.pdf,129,1-C1,2-Single Part Drawings/1-C1__3.pdf,2-Single Part Drawings/1-C1__3.txt,677
2-Single Part Drawings.pdf,130,1-C35,2-Single Part Drawings/1-C35__3.pdf,2-Single Part Drawings/1-C35__3.txt,630
2-Single Part Drawings.pdf,131,2-R5,2-Single Part Drawings/2-R5__4.pdf,2-Single Part Drawings/2-R5__4.txt,542
2-Single Part Drawings.pdf,132,2-R4,2-Single Part Drawings/2-R4__2.pdf,2-Single Part Drawings/2-R4__2.txt,539
2-Single Part Drawings.pdf,133,2-R6,2-Single Part Drawings/2-R6__3.pdf,2-Single Part Drawings/2-R6__3.txt,515
2-Single Part Drawings.pdf,134,1-C1,2-Single Part Drawings/1-C1__4.pdf,2-Single Part Drawings/1-C1__4.txt,757
2-Single Part Drawings.pdf,135,1-R3,2-Single Part Drawings/1-R3__3.pdf,2-Single Part Drawings/1-R3__3.txt,610
2-Single Part Drawings.pdf,136,1-C10,2-Single Part Drawings/1-C10__4.pdf,2-Single Part Drawings/1-C10__4.txt,605
2-Single Part Drawings.pdf,137,2-R1,2-Single Part Drawings/2-R1__3.pdf,2-Single Part Drawings/2-R1__3.txt,673
2-Single Part Drawings.pdf,138,2-R7,2-Single Part Drawings/2-R7__2.pdf,2-Single Part Drawings/2-R7__2.txt,560
2-Single Part Drawings.pdf,139,1-R1,2-Single Part Drawings/1-R1__4.pdf,2-Single Part Drawings/1-R1__4.txt,661
2-Single Part Drawings.pdf,140,2-R1,2-Single Part Drawings/2-R1__4.pdf,2-Single Part Drawings/2-R1__4.txt,627
2-Single Part Drawings.pdf,141,1-C17,2-Single Part Drawings/1-C17__3.pdf,2-Single Part Drawings/1-C17__3.txt,693
2-Single Part Drawings.pdf,142,3-R1,2-Single Part Drawings/3-R1__3.pdf,2-Single Part Drawings/3-R1__3.txt,543
2-Single Part Drawings.pdf,143,3-C1,2-Single Part Drawings/3-C1__2.pdf,2-Single Part Drawings/3-C1__2.txt,530
2-Single Part Drawings.pdf,144,3-C1,2-Single Part Drawings/3-C1__3.pdf,2-Single Part Drawings/3-C1__3.txt,504
2-Single Part Drawings.pdf,145,3-C1,2-Single Part Drawings/3-C1__4.pdf,2-Single Part Drawings/3-C1__4.txt,585
2-Single Part Drawings.pdf,146,3-R12,2-Single Part Drawings/3-R12__2.pdf,2-Single Part Drawings/3-R12__2.txt,528
2-Single Part Drawings.pdf,147,3-R10,2-Single Part Drawings/3-R10__3.pdf,2-Single Part Drawings/3-R10__3.txt,528
2-Single Part Drawings.pdf,148,3-R14,2-Single Part Drawings/3-R14.pdf,2-Single Part Drawings/3-R14.txt,530
2-Single Part Drawings.pdf,149,3-R14,2-Single Part Drawings/3-R14__2.pdf,2-Single Part Drawings/3-R14__2.txt,530
2-Single Part Drawings.pdf,150,3-R8,2-Single Part Drawings/3-R8__4.pdf,2-Single Part Drawings/3-R8__4.txt,526
2-Single Part Drawings.pdf,151,3-R1,2-Single Part Drawings/3-R1__4.pdf,2-Single Part Drawings/3-R1__4.txt,539
2-Single Part Drawings.pdf,152,1-BR1,2-Single Part Drawings/1-BR1__2.pdf,2-Single Part Drawings/1-BR1__2.txt,518
2-Single Part Drawings.pdf,153,2-C6,2-Single Part Drawings/2-C6.pdf,2-Single Part Drawings/2-C6.txt,805
2-Single Part Drawings.pdf,154,3-R10,2-Single Part Drawings/3-R10__4.pdf,2-Single Part Drawings/3-R10__4.txt,540
2-Single Part Drawings.pdf,155,3-R8,2-Single Part Drawings/3-R8__5.pdf,2-Single Part Drawings/3-R8__5.txt,522
2-Single Part Drawings.pdf,156,1-C23,2-Single Part Drawings/1-C23__2.pdf,2-Single Part Drawings/1-C23__2.txt,628
2-Single Part Drawings.pdf,157,1-R7,2-Single Part Drawings/1-R7__2.pdf,2-Single Part Drawings/1-R7__2.txt,556
2-Single Part Drawings.pdf,158,1-C37,2-Single Part Drawings/1-C37__3.pdf,2-Single Part Drawings/1-C37__3.txt,535
2-Single Part Drawings.pdf,159,3-BR1,2-Single Part Drawings/3-BR1.pdf,2-Single Part Drawings/3-BR1.txt,516
2-Single Part Drawings.pdf,160,3-R14,2-Single Part Drawings/3-R14__3.pdf,2-Single Part Drawings/3-R14__3.txt,493
2-Single Part Drawings.pdf,161,3-R14,2-Single Part Drawings/3-R14__4.pdf,2-Single Part Drawings/3-R14__4.txt,506
2-Single Part Drawings.pdf,162,3-R15,2-Single Part Drawings/3-R15.pdf,2-Single Part Drawings/3-R15.txt,493
2-Single Part Drawings.pdf,163,1-R7,2-Single Part Drawings/1-R7__3.pdf,2-Single Part Drawings/1-R7__3.txt,530
2-Single Part Drawings.pdf,164,1-R7,2-Single Part Drawings/1-R7__4.pdf,2-Single Part Drawings/1-R7__4.txt,535
2-Single Part Drawings.pdf,165,1-R7,2-Single Part Drawings/1-R7__5.pdf,2-Single Part Drawings/1-R7__5.txt,538
2-Single Part Drawings.pdf,166,1-R3,2-Single Part Drawings/1-R3__4.pdf,2-Single Part Drawings/1-R3__4.txt,579
2-Single Part Drawings.pdf,167,1-C10,2-Single Part Drawings/1-C10__5.pdf,2-Single Part Drawings/1-C10__5.txt,550
2-Single Part Drawings.pdf,168,1-R3,2-Single Part Drawings/1-R3__5.pdf,2-Single Part Drawings/1-R3__5.txt,560
2-Single Part Drawings.pdf,169,1-C1,2-Single Part Drawings/1-C1__5.pdf,2-Single Part Drawings/1-C1__5.txt,595
2-Single Part Drawings.pdf,170,2-R35,2-Single Part Drawings/2-R35__2.pdf,2-Single Part Drawings/2-R35__2.txt,515
2-Single Part Drawings.pdf,171,1-C1,2-Single Part Drawings/1-C1__6.pdf,2-Single Part Drawings/1-C1__6.txt,663
2-Single Part Drawings.pdf,172,3-R14,2-Single Part Drawings/3-R14__5.pdf,2-Single Part Drawings/3-R14__5.txt,507
2-Single Part Drawings.pdf,173,1-C10,2-Single Part Drawings/1-C10__6.pdf,2-Single Part Drawings/1-C10__6.txt,574
2-Single Part Drawings.pdf,174,1-C17,2-Single Part Drawings/1-C17__4.pdf,2-Single Part Drawings/1-C17__4.txt,666
2-Single Part Drawings.pdf,175,1-C35,2-Single Part Drawings/1-C35__4.pdf,2-Single Part Drawings/1-C35__4.txt,761
2-Single Part Drawings.pdf,176,1-R3,2-Single Part Drawings/1-R3__6.pdf,2-Single Part Drawings/1-R3__6.txt,571
2-Single Part Drawings.pdf,177,1-R7,2-Single Part Drawings/1-R7__6.pdf,2-Single Part Drawings/1-R7__6.txt,542
2-Single Part Drawings.pdf,178,3-R14,2-Single Part Drawings/3-R14__6.pdf,2-Single Part Drawings/3-R14__6.txt,514
2-Single Part Drawings.pdf,179,3-R8,2-Single Part Drawings/3-R8__6.pdf,2-Single Part Drawings/3-R8__6.txt,505
2-Single Part Drawings.pdf,180,1-BR2,2-Single Part Drawings/1-BR2.pdf,2-Single Part Drawings/1-BR2.txt,516
2-Single Part Drawings.pdf,181,2-C6,2-Single Part Drawings/2-C6__2.pdf,2-Single Part Drawings/2-C6__2.txt,516
2-Single Part Drawings.pdf,182,1-R1,2-Single Part Drawings/1-R1__5.pdf,2-Single Part Drawings/1-R1__5.txt,558
2-Single Part Drawings.pdf,183,2-R28,2-Single Part Drawings/2-R28__2.pdf,2-Single Part Drawings/2-R28__2.txt,501
2-Single Part Drawings.pdf,184,1-R3,2-Single Part Drawings/1-R3__7.pdf,2-Single Part Drawings/1-R3__7.txt,569
2-Single Part Drawings.pdf,185,1-R3,2-Single Part Drawings/1-R3__8.pdf,2-Single Part Drawings/1-R3__8.txt,563
2-Single Part Drawings.pdf,186,1-R3,2-Single Part Drawings/1-R3__9.pdf,2-Single Part Drawings/1-R3__9.txt,563
2-Single Part Drawings.pdf,187,1-C1,2-Single Part Drawings/1-C1__7.pdf,2-Single Part Drawings/1-C1__7.txt,659
2-Single Part Drawings.pdf,188,1-R2,2-Single Part Drawings/1-R2__3.pdf,2-Single Part Drawings/1-R2__3.txt,553
2-Single Part Drawings.pdf,189,2-C16,2-Single Part Drawings/2-C16__3.pdf,2-Single Part Drawings/2-C16__3.txt,648
2-Single Part Drawings.pdf,190,2-C39,2-Single Part Drawings/2-C39__2.pdf,2-Single Part Drawings/2-C39__2.txt,529
2-Single Part Drawings.pdf,191,1-R1,2-Single Part Drawings/1-R1__6.pdf,2-Single Part Drawings/1-R1__6.txt,617
2-Single Part Drawings.pdf,192,1-R1,2-Single Part Drawings/1-R1__7.pdf,2-Single Part Drawings/1-R1__7.txt,510
2-Single Part Drawings.pdf,193,1-C10,2-Single Part Drawings/1-C10__7.pdf,2-Single Part Drawings/1-C10__7.txt,553
2-Single Part Drawings.pdf,194,2-R1,2-Single Part Drawings/2-R1__5.pdf,2-Single Part Drawings/2-R1__5.txt,594
2-Single Part Drawings.pdf,195,2-R6,2-Single Part Drawings/2-R6__4.pdf,2-Single Part Drawings/2-R6__4.txt,529
2-Single Part Drawings.pdf,196,1-BR2,2-Single Part Drawings/1-BR2__2.pdf,2-Single Part Drawings/1-BR2__2.txt,538
2-Single Part Drawings.pdf,197,1-C12,2-Single Part Drawings/1-C12__3.pdf,2-Single Part Drawings/1-C12__3.txt,583
2-Single Part Drawings.pdf,198,1-C35,2-Single Part Drawings/1-C35__5.pdf,2-Single Part Drawings/1-C35__5.txt,600
2-Single Part Drawings.pdf,199,1-C1,2-Single Part Drawings/1-C1__8.pdf,2-Single Part Drawings/1-C1__8.txt,605
2-Single Part Drawings.pdf,200,2-C18,2-Single Part Drawings/2-C18__2.pdf,2-Single Part Drawings/2-C18__2.txt,541
2-Single Part Drawings.pdf,201,1-R1,2-Single Part Drawings/1-R1__8.pdf,2-Single Part Drawings/1-R1__8.txt,618
2-Single Part Drawings.pdf,202,2-R33,2-Single Part Drawings/2-R33.pdf,2-Single Part Drawings/2-R33.txt,516
2-Single Part Drawings.pdf,203,1-BR1,2-Single Part Drawings/1-BR1__3.pdf,2-Single Part Drawings/1-BR1__3.txt,487
2-Single Part Drawings.pdf,204,1-C12,2-Single Part Drawings/1-C12__4.pdf,2-Single Part Drawings/1-C12__4.txt,547
2-Single Part Drawings.pdf,205,2-C6,2-Single Part Drawings/2-C6__3.pdf,2-Single Part Drawings/2-C6__3.txt,498
2-Single Part Drawings.pdf,206,2-C30,2-Single Part Drawings/2-C30__2.pdf,2-Single Part Drawings/2-C30__2.txt,491
2-Single Part Drawings.pdf,207,2-R41,2-Single Part Drawings/2-R41.pdf,2-Single Part Drawings/2-R41.txt,503
2-Single Part Drawings.pdf,208,2-R44,2-Single Part Drawings/2-R44.pdf,2-Single Part Drawings/2-R44.txt,486
2-Single Part Drawings.pdf,209,2-R45,2-Single Part Drawings/2-R45.pdf,2-Single Part Drawings/2-R45.txt,520
2-Single Part Drawings.pdf,210,2-R50,2-Single Part Drawings/2-R50.pdf,2-Single Part Drawings/2-R50.txt,486
2-Single Part Drawings.pdf,211,2-R51,2-Single Part Drawings/2-R51.pdf,2-Single Part Drawings/2-R51.txt,486
2-Single Part Drawings.pdf,212,2-R52,2-Single Part Drawings/2-R52.pdf,2-Single Part Drawings/2-R52.txt,520
2-Single Part Drawings.pdf,213,2-R58,2-Single Part Drawings/2-R58.pdf,2-Single Part Drawings/2-R58.txt,486
2-Single Part Drawings.pdf,214,2-C6,2-Single Part Drawings/2-C6__4.pdf,2-Single Part Drawings/2-C6__4.txt,514
2-Single Part Drawings.pdf,215,2-R57,2-Single Part Drawings/2-R57.pdf,2-Single Part Drawings/2-R57.txt,486
2-Single Part Drawings.pdf,216,3-R12,2-Single Part Drawings/3-R12__3.pdf,2-Single Part Drawings/3-R12__3.txt,494
2-Single Part Drawings.pdf,217,3-R10,2-Single Part Drawings/3-R10__5.pdf,2-Single Part Drawings/3-R10__5.txt,490
2-Single Part Drawings.pdf,218,2-C27,2-Single Part Drawings/2-C27__2.pdf,2-Single Part Drawings/2-C27__2.txt,542
2-Single Part Drawings.pdf,219,2-C20,2-Single Part Drawings/2-C20__2.pdf,2-Single Part Drawings/2-C20__2.txt,585
2-Single Part Drawings.pdf,220,2-C24,2-Single Part Drawings/2-C24__2.pdf,2-Single Part Drawings/2-C24__2.txt,519
2-Single Part Drawings.pdf,221,2-C33,2-Single Part Drawings/2-C33__2.pdf,2-Single Part Drawings/2-C33__2.txt,519
2-Single Part Drawings.pdf,222,2-C39,2-Single Part Drawings/2-C39__3.pdf,2-Single Part Drawings/2-C39__3.txt,515
2-Single Part Drawings.pdf,223,2-C32,2-Single Part Drawings/2-C32__2.pdf,2-Single Part Drawings/2-C32__2.txt,528
2-Single Part Drawings.pdf,224,3-R11,2-Single Part Drawings/3-R11.pdf,2-Single Part Drawings/3-R11.txt,525
2-Single Part Drawings.pdf,225,3-R13,2-Single Part Drawings/3-R13.pdf,2-Single Part Drawings/3-R13.txt,530
2-Single Part Drawings.pdf,226,3-BR1,2-Single Part Drawings/3-BR1__2.pdf,2-Single Part Drawings/3-BR1__2.txt,518
2-Single Part Drawings.pdf,227,2-C34,2-Single Part Drawings/2-C34__2.pdf,2-Single Part Drawings/2-C34__2.txt,534
2-Single Part Drawings.pdf,228,2-C22,2-Single Part Drawings/2-C22__2.pdf,2-Single Part Drawings/2-C22__2.txt,534
2-Single Part Drawings.pdf,229,2-C23,2-Single Part Drawings/2-C23__2.pdf,2-Single Part Drawings/2-C23__2.txt,536
2-Single Part Drawings.pdf,230,2-C24,2-Single Part Drawings/2-C24__3.pdf,2-Single Part Drawings/2-C24__3.txt,549
2-Single Part Drawings.pdf,231,2-C25,2-Single Part Drawings/2-C25__2.pdf,2-Single Part Drawings/2-C25__2.txt,539
2-Single Part Drawings.pdf,232,2-C21,2-Single Part Drawings/2-C21__2.pdf,2-Single Part Drawings/2-C21__2.txt,539
2-Single Part Drawings.pdf,233,2-C39,2-Single Part Drawings/2-C39__4.pdf,2-Single Part Drawings/2-C39__4.txt,539
2-Single Part Drawings.pdf,234,2-C30,2-Single Part Drawings/2-C30__3.pdf,2-Single Part Drawings/2-C30__3.txt,539
2-Single Part Drawings.pdf,235,2-C32,2-Single Part Drawings/2-C32__3.pdf,2-Single Part Drawings/2-C32__3.txt,534
2-Single Part Drawings.pdf,236,2-C27,2-Single Part Drawings/2-C27__3.pdf,2-Single Part Drawings/2-C27__3.txt,544
2-Single Part Drawings.pdf,237,2-C28,2-Single Part Drawings/2-C28__2.pdf,2-Single Part Drawings/2-C28__2.txt,538
2-Single Part Drawings.pdf,238,2-C11,2-Single Part Drawings/2-C11__2.pdf,2-Single Part Drawings/2-C11__2.txt,534
2-Single Part Drawings.pdf,239,2-C12,2-Single Part Drawings/2-C12__2.pdf,2-Single Part Drawings/2-C12__2.txt,538
2-Single Part Drawings.pdf,240,2-C6,2-Single Part Drawings/2-C6__5.pdf,2-Single Part Drawings/2-C6__5.txt,552
2-Single Part Drawings.pdf,241,2-C20,2-Single Part Drawings/2-C20__3.pdf,2-Single Part Drawings/2-C20__3.txt,541
2-Single Part Drawings.pdf,242,2-C26,2-Single Part Drawings/2-C26__2.pdf,2-Single Part Drawings/2-C26__2.txt,541
2-Single Part Drawings.pdf,243,2-C35,2-Single Part Drawings/2-C35__2.pdf,2-Single Part Drawings/2-C35__2.txt,544
2-Single Part Drawings.pdf,244,1-C1,2-Single Part Drawings/1-C1__9.pdf,2-Single Part Drawings/1-C1__9.txt,763
2-Single Part Drawings.pdf,245,1-C17,2-Single Part Drawings/1-C17__5.pdf,2-Single Part Drawings/1-C17__5.txt,493
2-Single Part Drawings.pdf,246,1-C3,2-Single Part Drawings/1-C3__2.pdf,2-Single Part Drawings/1-C3__2.txt,491
2-Single Part Drawings.pdf,247,1-C21,2-Single Part Drawings/1-C21.pdf,2-Single Part Drawings/1-C21.txt,501
2-Single Part Drawings.pdf,248,2-C11,2-Single Part Drawings/2-C11__3.pdf,2-Single Part Drawings/2-C11__3.txt,493
2-Single Part Drawings.pdf,249,2-C6,2-Single Part Drawings/2-C6__6.pdf,2-Single Part Drawings/2-C6__6.txt,484
2-Single Part Drawings.pdf,250,3-BR1,2-Single Part Drawings/3-BR1__3.pdf,2-Single Part Drawings/3-BR1__3.txt,496
2-Single Part Drawings.pdf,251,3-BR1,2-Single Part Drawings/3-BR1__4.pdf,2-Single Part Drawings/3-BR1__4.txt,499
2-Single Part Drawings.pdf,252,2-C6,2-Single Part Drawings/2-C6__7.pdf,2-Single Part Drawings/2-C6__7.txt,516
2-Single Part Drawings.pdf,253,2-C11,2-Single Part Drawings/2-C11__4.pdf,2-Single Part Drawings/2-C11__4.txt,511
2-Single Part Drawings.pdf,254,2-C12,2-Single Part Drawings/2-C12__3.pdf,2-Single Part Drawings/2-C12__3.txt,511
2-Single Part Drawings.pdf,255,2-C30,2-Single Part Drawings/2-C30__4.pdf,2-Single Part Drawings/2-C30__4.txt,516
2-Single Part Drawings.pdf,256,2-C32,2-Single Part Drawings/2-C32__4.pdf,2-Single Part Drawings/2-C32__4.txt,511
2-Single Part Drawings.pdf,257,2-C27,2-Single Part Drawings/2-C27__4.pdf,2-Single Part Drawings/2-C27__4.txt,519
2-Single Part Drawings.pdf,258,2-C28,2-Single Part Drawings/2-C28__3.pdf,2-Single Part Drawings/2-C28__3.txt,511
2-Single Part Drawings.pdf,259,2-C24,2-Single Part Drawings/2-C24__4.pdf,2-Single Part Drawings/2-C24__4.txt,519
2-Single Part Drawings.pdf,260,2-C23,2-Single Part Drawings/2-C23__3.pdf,2-Single Part Drawings/2-C23__3.txt,511
2-Single Part Drawings.pdf,261,2-C22,2-Single Part Drawings/2-C22__3.pdf,2-Single Part Drawings/2-C22__3.txt,511
2-Single Part Drawings.pdf,262,2-C34,2-Single Part Drawings/2-C34__3.pdf,2-Single Part Drawings/2-C34__3.txt,511
2-Single Part Drawings.pdf,263,2-C25,2-Single Part Drawings/2-C25__3.pdf,2-Single Part Drawings/2-C25__3.txt,516
2-Single Part Drawings.pdf,264,2-C21,2-Single Part Drawings/2-C21__3.pdf,2-Single Part Drawings/2-C21__3.txt,516
2-Single Part Drawings.pdf,265,2-C39,2-Single Part Drawings/2-C39__5.pdf,2-Single Part Drawings/2-C39__5.txt,516
2-Single Part Drawings.pdf,266,2-C35,2-Single Part Drawings/2-C35__3.pdf,2-Single Part Drawings/2-C35__3.txt,523
2-Single Part Drawings.pdf,267,2-C26,2-Single Part Drawings/2-C26__3.pdf,2-Single Part Drawings/2-C26__3.txt,518
2-Single Part Drawings.pdf,268,2-C20,2-Single Part Drawings/2-C20__4.pdf,2-Single Part Drawings/2-C20__4.txt,522
2-Single Part Drawings.pdf,269,2-C6,2-Single Part Drawings/2-C6__8.pdf,2-Single Part Drawings/2-C6__8.txt,1010
2-Single Part Drawings.pdf,270,2-R4,2-Single Part Drawings/2-R4__3.pdf,2-Single Part Drawings/2-R4__3.txt,1013
2-Single Part Drawings.pdf,271,1-C17,2-Single Part Drawings/1-C17__6.pdf,2-Single Part Drawings/1-C17__6.txt,516
2-Single Part Drawings.pdf,272,1-C1,2-Single Part Drawings/1-C1__10.pdf,2-Single Part Drawings/1-C1__10.txt,658
2-Single Part Drawings.pdf,273,1-C21,2-Single Part Drawings/1-C21__2.pdf,2-Single Part Drawings/1-C21__2.txt,566
2-Single Part Drawings.pdf,274,2-R49,2-Single Part Drawings/2-R49.pdf,2-Single Part Drawings/2-R49.txt,508
2-Single Part Drawings.pdf,275,2-R55,2-Single Part Drawings/2-R55.pdf,2-Single Part Drawings/2-R55.txt,525
2-Single Part Drawings.pdf,276,1-C17,2-Single Part Drawings/1-C17__7.pdf,2-Single Part Drawings/1-C17__7.txt,526
2-Single Part Drawings.pdf,277,1-C19,2-Single Part Drawings/1-C19.pdf,2-Single Part Drawings/1-C19.txt,542
2-Single Part Drawings.pdf,278,1-C37,2-Single Part Drawings/1-C37__4.pdf,2-Single Part Drawings/1-C37__4.txt,526
2-Single Part Drawings.pdf,279,2-C22,2-Single Part Drawings/2-C22__4.pdf,2-Single Part Drawings/2-C22__4.txt,483
2-Single Part Drawings.pdf,280,2-C19,2-Single Part Drawings/2-C19.pdf,2-Single Part Drawings/2-C19.txt,984
2-Single Part Drawings.pdf,281,2-C25,2-Single Part Drawings/2-C25__4.pdf,2-Single Part Drawings/2-C25__4.txt,493
2-Single Part Drawings.pdf,282,2-C21,2-Single Part Drawings/2-C21__4.pdf,2-Single Part Drawings/2-C21__4.txt,485
2-Single Part Drawings.pdf,283,1-C21,2-Single Part Drawings/1-C21__3.pdf,2-Single Part Drawings/1-C21__3.txt,551
2-Single Part Drawings.pdf,284,2-C20,2-Single Part Drawings/2-C20__5.pdf,2-Single Part Drawings/2-C20__5.txt,598
2-Single Part Drawings.pdf,285,1-C17,2-Single Part Drawings/1-C17__8.pdf,2-Single Part Drawings/1-C17__8.txt,518
2-Single Part Drawings.pdf,286,2-C35,2-Single Part Drawings/2-C35__4.pdf,2-Single Part Drawings/2-C35__4.txt,485
2-Single Part Drawings.pdf,287,2-C6,2-Single Part Drawings/2-C6__9.pdf,2-Single Part Drawings/2-C6__9.txt,517
2-Single Part Drawings.pdf,288,2-C23,2-Single Part Drawings/2-C23__4.pdf,2-Single Part Drawings/2-C23__4.txt,510
2-Single Part Drawings.pdf,289,2-C31,2-Single Part Drawings/2-C31__2.pdf,2-Single Part Drawings/2-C31__2.txt,494
2-Single Part Drawings.pdf,290,2-C33,2-Single Part Drawings/2-C33__3.pdf,2-Single Part Drawings/2-C33__3.txt,595
2-Single Part Drawings.pdf,291,2-R49,2-Single Part Drawings/2-R49__2.pdf,2-Single Part Drawings/2-R49__2.txt,482
2-Single Part Drawings.pdf,292,2-R55,2-Single Part Drawings/2-R55__2.pdf,2-Single Part Drawings/2-R55__2.txt,498
2-Single Part Drawings.pdf,293,2-C30,2-Single Part Drawings/2-C30__5.pdf,2-Single Part Drawings/2-C30__5.txt,485
2-Single Part Drawings.pdf,294,1-C17,2-Single Part Drawings/1-C17__9.pdf,2-Single Part Drawings/1-C17__9.txt,502
2-Single Part Drawings.pdf,295,1-C19,2-Single Part Drawings/1-C19__2.pdf,2-Single Part Drawings/1-C19__2.txt,519
2-Single Part Drawings.pdf,296,2-C32,2-Single Part Drawings/2-C32__5.pdf,2-Single Part Drawings/2-C32__5.txt,534
2-Single Part Drawings.pdf,297,2-C6,2-Single Part Drawings/2-C6__10.pdf,2-Single Part Drawings/2-C6__10.txt,552
2-Single Part Drawings.pdf,298,3-R14,2-Single Part Drawings/3-R14__7.pdf,2-Single Part Drawings/3-R14__7.txt,537
2-Single Part Drawings.pdf,299,3-R14,2-Single Part Drawings/3-R14__8.pdf,2-Single Part Drawings/3-R14__8.txt,528
2-Single Part Drawings.pdf,300,3-R15,2-Single Part Drawings/3-R15__2.pdf,2-Single Part Drawings/3-R15__2.txt,527
2-Single Part Drawings.pdf,301,3-R14,2-Single Part Drawings/3-R14__9.pdf,2-Single Part Drawings/3-R14__9.txt,500
2-Single Part Drawings.pdf,302,3-R8,2-Single Part Drawings/3-R8__7.pdf,2-Single Part Drawings/3-R8__7.txt,497
2-Single Part Drawings.pdf,303,3-R8,2-Single Part Drawings/3-R8__8.pdf,2-Single Part Drawings/3-R8__8.txt,496
2-Single Part Drawings.pdf,304,3-R8,2-Single Part Drawings/3-R8__9.pdf,2-Single Part Drawings/3-R8__9.txt,489
2-Single Part Drawings.pdf,305,3-R9,2-Single Part Drawings/3-R9__2.pdf,2-Single Part Drawings/3-R9__2.txt,490
2-Single Part Drawings.pdf,306,1-BR2,2-Single Part Drawings/1-BR2__3.pdf,2-Single Part Drawings/1-BR2__3.txt,497
2-Single Part Drawings.pdf,307,2-BR2,2-Single Part Drawings/2-BR2.pdf,2-Single Part Drawings/2-BR2.txt,485
2-Single Part Drawings.pdf,308,2-BR3,2-Single Part Drawings/2-BR3.pdf,2-Single Part Drawings/2-BR3.txt,485
2-Single Part Drawings.pdf,309,1-PU1,2-Single Part Drawings/1-PU1.pdf,2-Single Part Drawings/1-PU1.txt,606
2-Single Part Drawings.pdf,310,2-PU83,2-Single Part Drawings/2-PU83.pdf,2-Single Part Drawings/2-PU83.txt,501
2-Single Part Drawings.pdf,311,2-PU84,2-Single Part Drawings/2-PU84.pdf,2-Single Part Drawings/2-PU84.txt,503
2-Single Part Drawings.pdf,312,2-PU85,2-Single Part Drawings/2-PU85.pdf,2-Single Part Drawings/2-PU85.txt,501
2-Single Part Drawings.pdf,313,2-PU86,2-Single Part Drawings/2-PU86.pdf,2-Single Part Drawings/2-PU86.txt,501
2-Single Part Drawings.pdf,314,2-PU87,2-Single Part Drawings/2-PU87.pdf,2-Single Part Drawings/2-PU87.txt,503
2-Single Part Drawings.pdf,315,2-PU88,2-Single Part Drawings/2-PU88.pdf,2-Single Part Drawings/2-PU88.txt,501
2-Single Part Drawings.pdf,316,2-PU89,2-Single Part Drawings/2-PU89.pdf,2-Single Part Drawings/2-PU89.txt,501
2-Single Part Drawings.pdf,317,3-BR1,2-Single Part Drawings/3-BR1__5.pdf,2-Single Part Drawings/3-BR1__5.txt,526
2-Single Part Drawings.pdf,318,2-R15,2-Single Part Drawings/2-R15.pdf,2-Single Part Drawings/2-R15.txt,536
2-Single Part Drawings.pdf,319,1-C6,2-Single Part Drawings/1-C6.pdf,2-Single Part Drawings/1-C6.txt,558
2-Single Part Drawings.pdf,320,1-BR9,2-Single Part Drawings/1-BR9.pdf,2-Single Part Drawings/1-BR9.txt,501
2-Single Part Drawings.pdf,321,1-BR10,2-Single Part Drawings/1-BR10.pdf,2-Single Part Drawings/1-BR10.txt,498
2-Single Part Drawings.pdf,322,2-R6,2-Single Part Drawings/2-R6__5.pdf,2-Single Part Drawings/2-R6__5.txt,552
2-Single Part Drawings.pdf,323,1-BR9,2-Single Part Drawings/1-BR9__2.pdf,2-Single Part Drawings/1-BR9__2.txt,504
2-Single Part Drawings.pdf,324,1-BR9,2-Single Part Drawings/1-BR9__3.pdf,2-Single Part Drawings/1-BR9__3.txt,527
2-Single Part Drawings.pdf,325,1-C35,2-Single Part Drawings/1-C35__6.pdf,2-Single Part Drawings/1-C35__6.txt,581
2-Single Part Drawings.pdf,326,1-C1,2-Single Part Drawings/1-C1__11.pdf,2-Single Part Drawings/1-C1__11.txt,637
3-Erection Drawings.pdf,1,3D_MODEL,3-Erection Drawings/3D_MODEL.pdf,3-Erection Drawings/3D_MODEL.txt,426
3-Erection Drawings.pdf,2,3D_MODEL,3-Erection Drawings/3D_MODEL__2.pdf,3-Erection Drawings/3D_MODEL__2.txt,421
3-Erection Drawings.pdf,3,Anchor Bolts Plan & Details,3-Erection Drawings/Anchor_Bolts_Plan_and_Details.pdf,3-Erection Drawings/Anchor_Bolts_Plan_and_Details.txt,2838
3-Erection Drawings.pdf,4,Anchor Bolts Plan - Area - 1,3-Erection Drawings/Anchor_Bolts_Plan_-_Area_-_1.pdf,3-Erection Drawings/Anchor_Bolts_Plan_-_Area_-_1.txt,1308
3-Erection Drawings.pdf,5,Anchor Bolts Plan - Area - 2,3-Erection Drawings/Anchor_Bolts_Plan_-_Area_-_2.pdf,3-Erection Drawings/Anchor_Bolts_Plan_-_Area_-_2.txt,1579
3-Erection Drawings.pdf,6,ROOF PLAN - Area - 1,3-Erection Drawings/ROOF_PLAN_-_Area_-_1.pdf,3-Erection Drawings/ROOF_PLAN_-_Area_-_1.txt,3828
3-Erection Drawings.pdf,7,ROOF PLAN- Area - 2,3-Erection Drawings/ROOF_PLAN-_Area_-_2.pdf,3-Erection Drawings/ROOF_PLAN-_Area_-_2.txt,12221
3-Erection Drawings.pdf,8,ROOF PLAN WITHOUT PURLIN- Area - 3,3-Erection Drawings/ROOF_PLAN_WITHOUT_PURLIN-_Area_-_3.pdf,3-Erection Drawings/ROOF_PLAN_WITHOUT_PURLIN-_Area_-_3.txt,4724
3-Erection Drawings.pdf,9,ROOF PLAN WITHOUT PURLIN- Area - 3,3-Erection Drawings/ROOF_PLAN_WITHOUT_PURLIN-_Area_-_3__2.pdf,3-Erection Drawings/ROOF_PLAN_WITHOUT_PURLIN-_Area_-_3__2.txt,16559
3-Erection Drawings.pdf,10,"SECTION GRID ( 1 + 1' + 1"")",3-Erection Drawings/SECTION_GRID_1_1_1.pdf,3-Erection Drawings/SECTION_GRID_1_1_1.txt,1167
3-Erection Drawings.pdf,11,SECTION GRID ( 2 + 3 + 4 ),3-Erection Drawings/SECTION_GRID_2_3_4.pdf,3-Erection Drawings/SECTION_GRID_2_3_4.txt,972
3-Erection Drawings.pdf,12,SECTION GRID ( 5 + 6 + 7 ),3-Erection Drawings/SECTION_GRID_5_6_7.pdf,3-Erection Drawings/SECTION_GRID_5_6_7.txt,955
3-Erection Drawings.pdf,13,SECTION GRID ( 8 + 9 + 10 ),3-Erection Drawings/SECTION_GRID_8_9_10.pdf,3-Erection Drawings/SECTION_GRID_8_9_10.txt,1019
3-Erection Drawings.pdf,14,SECTION GRID ( 11 + 12 ),3-Erection Drawings/SECTION_GRID_11_12.pdf,3-Erection Drawings/SECTION_GRID_11_12.txt,956
3-Erection Drawings.pdf,15,SECTION GRID ( V + T + S ),3-Erection Drawings/SECTION_GRID_V_T_S.pdf,3-Erection Drawings/SECTION_GRID_V_T_S.txt,2571
3-Erection Drawings.pdf,16,SECTION GRID ( A + B + C ),3-Erection Drawings/SECTION_GRID_A_B_C.pdf,3-Erection Drawings/SECTION_GRID_A_B_C.txt,1198
3-Erection Drawings.pdf,17,SECTION GRID ( D + E + F ),3-Erection Drawings/SECTION_GRID_D_E_F.pdf,3-Erection Drawings/SECTION_GRID_D_E_F.txt,724
3-Erection Drawings.pdf,18,SECTION GRID ( G + G' + H ),3-Erection Drawings/SECTION_GRID_G_G_H.pdf,3-Erection Drawings/SECTION_GRID_G_G_H.txt,807
3-Erection Drawings.pdf,19,SECTION GRID ( J + K + L ),3-Erection Drawings/SECTION_GRID_J_K_L.pdf,3-Erection Drawings/SECTION_GRID_J_K_L.txt,883
3-Erection Drawings.pdf,20,SECTION GRID (M + N + P ),3-Erection Drawings/SECTION_GRID_M_N_P.pdf,3-Erection Drawings/SECTION_GRID_M_N_P.txt,1005
3-Erection Drawings.pdf,21,SECTION GRID (Q +R + R'),3-Erection Drawings/SECTION_GRID_Q_R_R.pdf,3-Erection Drawings/SECTION_GRID_Q_R_R.txt,1119
3-Erection Drawings.pdf,22,SECTION GRID ( S' ),3-Erection Drawings/SECTION_GRID_S.pdf,3-Erection Drawings/SECTION_GRID_S.txt,711
3-Erection Drawings.pdf,23,SECTION GRID ( 12 + 8' ),3-Erection Drawings/SECTION_GRID_12_8.pdf,3-Erection Drawings/SECTION_GRID_12_8.txt,2587
3-Erection Drawings.pdf,24,SECTION GRID ( X1 + X2 + X3  ),3-Erection Drawings/SECTION_GRID_X1_X2_X3.pdf,3-Erection Drawings/SECTION_GRID_X1_X2_X3.txt,947
3-Erection Drawings.pdf,25,SECTION GRID,3-Erection Drawings/SECTION_GRID.pdf,3-Erection Drawings/SECTION_GRID.txt,1735
تعديل.pdf,1,1-C1,تعديل/1-C1.pdf,تعديل/1-C1.txt,565
تعديل.pdf,2,1-C2,تعديل/1-C2.pdf,تعديل/1-C2.txt,531
تعديل.pdf,3,2-C1,تعديل/2-C1.pdf,تعديل/2-C1.txt,547
تعديل.pdf,4,2-C2,تعديل/2-C2.pdf,تعديل/2-C2.txt,588
تعديل.pdf,5,2-C5,تعديل/2-C5.pdf,تعديل/2-C5.txt,563
تعديل.pdf,6,2-C9,تعديل/2-C9.pdf,تعديل/2-C9.txt,539
تعديل.pdf,7,2-R6,تعديل/2-R6.pdf,تعديل/2-R6.txt,559
تعديل.pdf,8,2-R7,تعديل/2-R7.pdf,تعديل/2-R7.txt,561
تعديل.pdf,9,2-R13,تعديل/2-R13.pdf,تعديل/2-R13.txt,579
تعديل.pdf,10,2-R20,تعديل/2-R20.pdf,تعديل/2-R20.txt,530
تعديل.pdf,11,1-C35,تعديل/1-C35.pdf,تعديل/1-C35.txt,642
تعديل.pdf,12,2-R15,تعديل/2-R15.pdf,تعديل/2-R15.txt,536
تعديل.pdf,13,1-C6,تعديل/1-C6.pdf,تعديل/1-C6.txt,558
تعديل.pdf,14,1-BR9,تعديل/1-BR9.pdf,تعديل/1-BR9.txt,501
تعديل.pdf,15,1-BR10,تعديل/1-BR10.pdf,تعديل/1-BR10.txt,498
تعديل.pdf,16,2-R6,تعديل/2-R6__2.pdf,تعديل/2-R6__2.txt,552
تعديل.pdf,17,1-BR9,تعديل/1-BR9__2.pdf,تعديل/1-BR9__2.txt,504
تعديل.pdf,18,1-BR9,تعديل/1-BR9__3.pdf,تعديل/1-BR9__3.txt,527
تعديل.pdf,19,1-C35,تعديل/1-C35__2.pdf,تعديل/1-C35__2.txt,581
تعديل.pdf,20,1-C1,تعديل/1-C1__2.pdf,تعديل/1-C1__2.txt,637
